IBI,Amplitude,Slope,Mean,Std,HR
13.055555555555555,1429622041.8645,-6215017.286146999,455900048.374769,692474176.9754125,77
13.4,601627233.6069999,-5166523.447744999,-15105698.55422994,532754635.527357,75
19.4,188215793.4544,1905933.0800133331,110881586.77533336,307399575.4589278,73
20.545454545454547,1262946639.4776,4079651.946216,-33014061.07392802,647086901.6991451,73
30.833333333333332,510957421.6516,-1302470.9986859998,-129682747.63977867,368404001.01741064,81
11.625,397903948.6825,-2399288.7061791667,-167923154.70690668,209619245.44653136,82
12.909090909090908,360135614.685,2541323.044516667,-7229055.6126250075,225148698.71066377,72
18.1,581525270.0206001,-2244474.061748333,45259306.97039734,340073150.5352603,80
13.588235294117647,653767177.3677,-3218290.2573543335,79556612.67136365,329936577.5726322,79
13.416666666666666,436247818.4657,-1159528.4476700001,38742014.15609036,315029924.86431116,72
26.5,807389004.5368,3717537.223204,-155458415.740796,382496153.3440616,76
16.4375,630687167.4163,8930.934930667181,184194264.11567366,385551560.8914607,74
7.666666666666667,525171794.15849996,-309337.73740983364,-310312918.552108,246455929.30034825,79
17.6,1253771124.6509998,4597407.651994166,-30412700.36712499,481254700.8177421,76
7.896551724137931,1378208130.8094,-3292263.9736506655,140752761.20339862,621235830.2829392,72
8.5625,742553229.8526999,-3868215.147985167,-44422314.48072934,456485684.8167365,74
9.0,129734338.15559998,1991686.4376826668,-14097584.338842684,208055378.70762843,72
14.4,1443476531.9088001,-843287.6345310005,-5667396.767082011,730379153.2479854,72
16.055555555555557,936162556.0485,-1358320.3738225007,31047677.488409985,415838197.3110906,78
9.105263157894736,787749413.0121001,2243290.7416315,-68771774.15184997,412071267.18482524,74
48.0,4619732.428800001,-4118.604415999982,-7509600.371711999,3745471.2204178087,76
8.5,611649087.8147999,-1083506.6027686663,104403272.54305202,274025236.904614,76
9.566666666666666,462696798.7818,242366.4885409998,172601500.698786,213169454.15973648,74
15.647058823529411,159555664.19520003,2835583.2916320004,318242843.27471995,96261427.00314435,62
17.181818181818183,666066810.9182999,-6428268.426128999,293739511.679625,488370673.7054425,60
18.4,412631282.4986,-2806139.4019560004,-136941782.78677604,320618379.6187375,56
55.25,1772400674.5279999,10211560.563159999,-597949294.5330666,1004241529.038257,57
13.714285714285714,1722285699.4067998,2572684.900657665,538719552.880036,1336881050.3929625,56
23.285714285714285,3119361044.922,7007413.393239,-335543729.315244,1956695815.674021,54
21.666666666666668,1025191830.1378001,5741041.813923666,-38106818.34410136,998238191.9984614,55
43.333333333333336,3876342106.1282997,-7541077.908100499,-717789534.0000663,1798893644.138647,55
16.333333333333332,1221912768.0496001,6269689.1513519995,-236734249.3480213,930949978.9420843,54
35.875,936119085.6934,2301303.2724128324,-164231263.5098963,821496640.5789739,53
21.8,2644583378.9325,11319363.168363333,329484501.25816005,1049990231.5725589,56
11.0,1228220469.432,-5347735.647007501,-95739588.21978897,968105663.0325483,54
20.1,1405851021.1076,7439944.116698666,341541671.7156603,873318317.2165508,53
3.0,2306192.3495999984,190779.21105916667,-29689505.634976666,11112318.775248865,54
19.0,417597066.12,-2495594.1608,62638919.0596,224320975.77568623,57
15.444444444444445,417457480.9141,2113237.146205,151599785.07330367,180868699.36227274,58
29.77777777777778,311694651.08449996,234321.4077274998,89096060.08484831,287029438.8437035,64
24.285714285714285,594662334.2436,2839762.001461,65622422.881694034,426612071.11932,67
35.166666666666664,689431978.8,2835654.5589999994,-19502920.867333338,456741855.9403629,58
18.8,519250898.84949994,-2233368.7640441665,73541057.766857,203332687.9416772,62
24.818181818181817,655937982.4501001,-383370.3096230002,3059881.5826086616,267739371.32738912,60
22.375,797397535.2348,3550546.728405,-10758943.926704025,469048783.7299237,58
25.4,684923778.714,2386024.682133333,-179412988.91409135,465275703.0021782,57
31.5,884556559.7173,2725189.8678820007,-309683347.36375636,383869411.1324172,58
31.4,550047700.6371,-1893306.0464671666,-41813302.449695334,314779781.5839225,57
32.44444444444444,882199044.602,664303.1437819999,-28481880.89227033,460843384.8795466,57
32.8,496452642.54760003,1502324.2493126665,-148588319.88546136,141511812.1016017,54
22.0,665699182.4980999,-3803725.878318167,-123182560.77582665,359404285.3904213,54
33.333333333333336,698579607.4024999,3484776.781075,-69883082.49194999,340707975.2581588,55
31.333333333333332,1246762544.6176,-2728758.880102667,-97688864.31707469,638873568.3934009,54
0.0,0.0,0.0,0.0,0.0,61
22.666666666666668,521395118.7312,154697.18943699996,81150754.07873704,301848132.6605752,60
35.375,1666742870.7656999,-1421425.4885763342,-203658510.7761517,989146461.1081696,57
21.416666666666668,3257332629.837,20765408.5942875,-787394624.8868699,2052698636.7389493,56
22.166666666666668,609747891.4836,1994950.3689059997,75983358.37864803,340599168.66663086,53
26.636363636363637,1377158804.5166998,-383158.90695849893,-164149399.59398198,1146649534.4732227,56
26.181818181818183,2282072820.8283,3427836.715573502,-131236138.10298304,1232501577.1138072,56
28.8,1762980439.8855,8246198.831722501,-459764473.47601014,937924959.0789005,56
21.0,937894993.254,-7424144.522369999,-455005608.661584,672561045.0899817,56
17.0,967013955.0288,9519514.323648002,-672096874.1256046,1035568784.9142667,54
14.0,406225226.293,2877641.8362845005,325148840.8497813,504019461.567401,57
53.4,27562958.369999997,-43005.79632500001,-7282392.61735,14687115.504589243,57
14.2,795867093.6402,456037.8634296664,39789370.87822131,580394696.2974669,63
36.42857142857143,372603706.52959996,-656057.6026853333,-7261094.833234666,162063320.1806307,63
0.0,0.0,0.0,0.0,0.0,60
17.133333333333333,1641630151.3626,-1061777.0382450009,313004015.14526004,678765016.4117017,60
15.222222222222221,243700940.596,774935.18422,220733326.70031467,129065896.36397666,60
16.071428571428573,296426173.1445,1276060.13241,110473204.78372501,211042630.21450138,55
21.0,845862550.2774999,-1310103.177506666,-215721168.97256333,481163493.60286546,56
28.2,1034603073.8427999,-926668.354770666,-62279403.03386668,523412238.7690243,55
65.0,503402822.2344001,4541045.708275999,-182247697.5169107,400687813.6529707,54
32.22222222222222,878890187.8026,-1314265.198500667,-45762694.021978,371075809.6696263,56
5.967741935483871,2013217602.3820004,2605121.7293546638,45072848.64462798,1009298294.7822744,72
7.0,2795272270.2960005,-17538752.729672,-644053160.0641122,1208979770.869095,55
7.083333333333333,1020965036.6879998,-5576683.049460001,-119329602.41273998,681319278.7445312,56
13.625,2790960815.2704,-10089495.112921333,-673662247.8320681,1303458548.0491428,66
0.0,0.0,0.0,0.0,0.0,66
23.75,1282037577.1932,10531291.73969,-71692448.83690798,890590735.149717,65
21.153846153846153,1390015819.1604,-4122515.358103163,-72168270.58895633,634969519.625482,72
28.3,1221221237.58,5185632.204224999,-246029204.5548,686319635.0522512,62
21.09090909090909,1232933788.7804,-6029191.822335668,34758882.82902664,575729988.4468262,67
21.384615384615383,1388222436.2195,4079019.6004623333,-121360750.61678866,593697756.8220997,63
26.3,1514409798.8992,-5276063.407701332,-241697321.668992,718191211.1542135,60
15.181818181818182,72325980.12149999,-1088536.787919,107537254.38183,211585736.13653082,67
19.571428571428573,405988600.3068,-35766.77317733367,-22885691.34021334,191648106.27979067,69
14.5,149218019.45720002,-294940.2620053335,64198778.888588004,95701512.32530615,71
24.181818181818183,43173063.57,-132750.92127499997,14400009.839179998,31463390.345137727,62
24.363636363636363,498906809.4454,1215318.7904611658,607930.8694836807,251229109.259054,72
11.0,107753560.3916,264433.5167781667,-47038313.532165,38630991.20546956,83
14.25,145384081.68060002,1571648.4805559998,-130939.291335996,190953093.94951874,69
23.0,329221518.2126,-2185609.8151376667,-97052863.39264534,207517882.01416722,75
12.952380952380953,808424142.3720001,3132050.2416280005,153647245.849636,362893717.93886864,70
25.25,331811903.0248,-500561.5974480001,-92701654.64574666,148127069.30632377,64
19.333333333333332,277113961.28639996,-60262.16621600002,-118906339.270754,148602593.48537755,66
20.53846153846154,736351589.4231,2513108.4195594997,-87524951.95918599,404991306.33241683,67
23.545454545454547,968613623.0925,-4968360.660689999,-255947692.782565,451727522.81673396,64
26.857142857142858,500578944.8628,-585401.1784419998,-185420373.027444,267576935.44603187,67
19.357142857142858,604928838.5394001,587797.2348820003,22316787.60943597,353508017.9929033,65
16.88888888888889,607849665.8706,-3823661.8278210005,-8163186.443744023,479102644.7960649,64
23.5,1211396824.435,3470694.9271500017,-303177854.4658553,612514304.1568549,72
13.2,278709542.9838,-2555704.6777715,85900624.323142,269138089.86627513,64
16.75,650332451.7352,772048.1509909995,-96519749.45995197,461115068.5342159,67
7.5,320666183.175,177294.20748333354,-139400917.92684165,223612516.50519302,66
27.75,1034656313.0370001,3859134.8253320004,-272923728.48088807,522564263.8925981,62
11.6,710248795.5219,-528827.8466520008,-99643598.250131,391202078.7287129,63
10.807692307692308,775602528.855,-3345417.1893450003,339119282.99403,376356478.0327874,63
18.2,943773590.7396001,-1941870.9190904994,105556017.119804,444327779.1142838,66
25.75,739941233.9704001,-2724933.7760856673,-136495999.7753103,344561322.2774656,71
9.76923076923077,778032908.776,-5065818.158381,-22971265.19067805,553760540.954914,64
16.38888888888889,34502033.6232,-41672.036658000005,26355638.538942672,20649510.12746255,68
15.555555555555555,221189577.1642,285711.6242,-33224011.062978007,92527796.97306159,65
12.19047619047619,145020100.8207,-305490.1437641668,23575371.550208334,71491074.30942182,84
55.666666666666664,47748369.4668,37954.62766800001,-18213429.551988,22100057.747991197,62
9.076923076923077,933227430.3524,2410999.885305001,-111653504.967733,527931006.33688337,60
11.071428571428571,1057380746.4015001,823575.8792399995,-141753166.76724,662786552.7325304,66
18.285714285714285,1444185109.9815,1493140.5374385,-296649014.50143534,726376883.6607054,63
12.952380952380953,1754554536.9177,-1555709.717580498,106040699.096812,699637133.9521778,66
54.0,1000000028.3982,-3197794.0421674997,-549137538.9811001,398165691.3286778,67
10.833333333333334,962441604.7039999,-5009441.449982001,-85104665.7816921,881606750.850179,68
10.866666666666667,263286788.07599998,1047651.4247291664,-33905554.02823167,159490537.32248124,66
9.333333333333334,288879532.82280004,-2074104.1748909997,-70080926.01647402,191094966.79680717,62
12.0,374870911.3074,1241871.681039,-27881908.471194025,264403637.83128637,64
28.1,637734168.6624,991952.6565134996,-6521186.373327026,416589007.70709735,60
14.133333333333333,187689426.73799998,-2061183.8769756667,99043961.00248466,188225918.51575193,57
12.125,286408161.2977,2212790.0686936663,146689940.12948564,224695196.78501147,55
12.066666666666666,581555226.1882,-2879233.0081478334,106401718.22911033,392415492.8658148,58
25.90909090909091,498496557.17399997,993282.4177709998,-43693899.58312401,245481001.65287247,58
21.0,741693763.7522,1787857.3067309998,164731174.29369262,369861263.0191678,59
9.833333333333334,735549422.2002,-2435323.8651359994,-352040562.633774,455172575.1705804,60
18.0,914438333.2734001,-1820088.1832440007,108658414.76265535,499784942.8578947,61
14.833333333333334,915183476.358,1558696.1553850004,84938369.51673001,499169822.42913264,59
26.818181818181817,809591738.7239001,-1375571.4812491671,-93737487.35945733,398843355.43295044,60
12.869565217391305,799767965.8404,1879107.4522790003,5823989.222337977,425446036.48643804,65
5.473684210526316,1425410552.5361,-6074350.548120834,-313478717.02516633,946655379.3901818,68
43.0,548453178.328,-2182399.21504,-136500078.44756797,274856686.6766818,57
7.444444444444445,344949019.15040004,-2416781.467338,-31159766.068787996,244592452.02055636,58
14.421052631578947,831716284.0552001,152004.36161599954,80569171.05907999,532103743.76740474,58
9.74074074074074,819244759.5926,-2394841.750827167,137713300.341034,406253163.9492127,55
20.0,577267183.7450001,1693555.5217233344,-189502205.12246332,316231593.9900129,57
16.642857142857142,1103322359.938,-5822910.012949999,-211950282.1291933,674754618.1388521,59
8.076923076923077,678618214.5573999,-605568.6194063338,-137148750.30908132,408352303.10634583,58
10.318181818181818,697503610.1743,5313947.81224,147030413.42946,387186270.37048465,62
12.0,1201702062.4905,-4144709.988663002,155242568.79634202,555669617.1600944,59
9.173913043478262,421579487.6568,-2007379.804331,13566821.538644003,223317787.30191112,59
6.114285714285714,616829180.7384,-1885004.0790040009,213547735.97752,351978091.6708262,59
9.15625,3075788889.5751996,637384.6884416676,262485624.58204865,1478027857.11222,59
8.833333333333334,712409103.1431,4082259.499518,4745496.044510981,370969834.81105727,66
7.576923076923077,760133961.9599999,-758159.9956333336,35262637.12573332,465752275.4241669,55
9.24,1632755968.7326999,-10544996.783652,-217665825.6881967,879286285.7003306,57
5.394736842105263,920262832.632,2364016.670730001,271832724.789912,470624513.82754874,59
17.11764705882353,882665236.5396,614099.4404505007,-105101837.33363502,428751301.59240663,59
4.65,947332945.2,39773.52059999943,68993896.821456,472587071.1657762,61
4.275862068965517,1049015388.1776,-5099670.374786001,-110577288.90880798,697034378.850059,60
11.84,1041090487.4472,584954.930879333,-99452809.63193733,505707242.9663577,58
15.88888888888889,427794339.5882,1384292.9475353332,67080014.26815501,220186016.7149967,75
15.166666666666666,193678088.9796,-495495.792464,85274703.3006,87412595.99601027,77
21.666666666666668,140956427.7628,298968.77933,-52740585.03013733,53477776.1928606,80
38.42857142857143,563421626.6525,-1133934.9719133342,-176881028.85786667,253790172.90485224,72
0.0,0.0,0.0,0.0,0.0,76
54.333333333333336,308349438.0176,1558069.2909891666,-128541646.246531,118754789.96839087,73
11.047619047619047,82554036.54750001,-413799.046101,37263297.087142006,57187344.939734615,99
19.642857142857142,237994410.6848,-238934.14244799997,-22448870.325056005,118292947.11112617,89
14.0625,372557247.4347,1547077.770812333,-63828699.601433665,186167412.43575674,71
14.764705882352942,458114710.3128,1950322.522988667,94769634.35555267,172025173.07844153,71
11.28,92616336.48539999,64291.15641433332,26947453.590364665,35633424.550862655,76
19.166666666666668,498177906.7192,676249.1719613331,89109030.428632,205307398.58334628,71
15.944444444444445,36202905.8344,-23159.01874366666,60135695.57524067,38474946.64295825,71
14.55,180541663.48439997,250380.96655200014,13323493.351182004,92661782.79298264,91
47.833333333333336,151929275.716,-463438.87841116666,-46368346.55274967,76806853.7794951,78
14.55,185219187.0598,423730.81231616694,7548205.7737816665,61815823.196739934,77
0.0,0.0,0.0,0.0,0.0,73
23.3,275551219.55899996,-1431585.9020433335,-65094321.192438,116183319.66388476,74
38.0,222070421.7615,122879.65433899987,-58793387.69732567,83189578.51508506,77
39.714285714285715,168273971.50980002,332488.24245300004,-28958333.609001998,103615160.53939955,79
37.42857142857143,378690950.9985,457601.2512274999,-105680141.90203501,175895831.5101048,74
14.3,254729895.96730003,-898149.0017588335,-13568783.914830005,127447503.03691293,77
23.272727272727273,334868833.8614,-370416.65667350055,-53459731.475118004,156807973.51697317,77
17.176470588235293,111657089.36160001,47338.72985066674,69697104.30907732,42073195.36657523,75
16.0,127836944.1786,-400859.99654300004,22281033.224824004,72128092.8772674,80
13.894736842105264,184787220.798,802526.9767570001,-2686812.961353998,98284955.42779036,75
10.214285714285714,106373564.3467,-325169.95795899996,20722311.759265665,44720411.11124303,94
25.0,63303721.1215,214424.91263766668,-20757190.554187004,42312139.685101494,80
15.833333333333334,105628486.9676,84378.50009833339,16662749.985911665,43084509.47759448,80
41.0,109858463.9382,-234657.5505590001,-34287198.419525996,36376660.323028386,69
34.333333333333336,64328069.043000005,81302.67509599996,-29085867.546258,19842695.814509567,70
16.5,296104984.01,-743975.3751849997,-15165773.262535999,132486511.38947834,70
9.862068965517242,48513591.534,52119.21503583335,13549832.978636669,17627551.87805239,71
8.272727272727273,19114354.5021,-200258.81359000003,-11737048.412759997,36534027.25882328,76
18.133333333333333,296996155.27500004,1744645.3930416668,40558219.80100001,136647816.83586898,72
24.25,367447075.8428,951735.5204263333,-72392484.97391266,191149108.45719698,71
11.307692307692308,198363145.6391,-268591.13526549994,35779656.632406995,136744410.76089266,117
10.863636363636363,229183193.72750002,2091506.0793416668,145463446.73475835,180787013.77070627,98
16.153846153846153,840993206.6688,2099478.396426667,-78641521.88561465,439499476.7454965,92
18.285714285714285,817696039.2056999,-2190409.5233955006,-18902440.12281901,385860497.9127941,81
8.928571428571429,511922115.75119996,-1144855.611504,-75370606.86152801,371997788.20213246,81
15.105263157894736,557720305.4928,-807810.5887989994,38173518.66154602,336800478.9216823,87
0.0,0.0,0.0,0.0,0.0,91
7.128205128205129,545292053.7925,1912563.1883958331,159433959.522975,168193511.29781982,77
37.0,424268482.11899996,1197100.0151449996,-57255408.52218999,204913657.13443214,70
10.4375,471001908.6882,-609183.2431240003,-72962168.28006066,238638797.85024646,82
16.0,214725381.1648,713470.4720533333,-40708609.11922132,120754714.10239752,80
13.944444444444445,1000429677.945,3501457.0000041667,-47720263.617599994,643029329.0833856,90
10.5,1401047117.9343,-878651.2523090001,273210123.78824204,609507926.5431734,73
11.666666666666666,651968807.5139999,1768837.7245450004,66950758.32301699,312040323.8750525,73
8.517241379310345,74284880.824,-99046.5077653333,69791406.48115535,44175243.23631981,83
14.8125,381009587.662,2566657.1772633335,79587724.74733001,164830296.54391515,88
10.875,922139650.0389,-5949590.933430166,-252374609.37133932,648681487.5223311,80
17.22222222222222,397636005.8235,-1140879.3605461668,-54213698.30578065,139516724.3346836,90
15.0,631690407.8872,-1291458.9634739996,-211541321.02787468,191061164.2300639,90
8.636363636363637,55564229.4051,-57846.55959550003,17379655.643546,25164852.122338258,76
17.133333333333333,190715252.3437,704240.5779208335,-5097252.949544004,87363378.27799433,85
9.294117647058824,377922697.4978,655706.4204389999,-28046108.037262,210536890.92345458,87
6.2,165427218.2016,-1442583.794736,87530228.87568,95059630.06077738,75
7.8,138912674.199,1269052.668728,46993519.796472006,187841254.847826,88
7.4,273531843.312,1147351.5496559998,69811872.762346,122580705.6401061,96
12.733333333333333,840617747.4735999,5344519.358535999,44953136.13717865,542980924.3237762,94
16.27777777777778,1423484905.0825,-7436503.065812167,-25166123.51355269,693488060.5501554,86
21.083333333333332,1018158628.1449001,3383090.6369620007,33960697.09231033,577503200.6638023,85
16.58823529411765,1483614145.7373,2686574.9703510012,227898787.743706,611008391.297823,83
13.384615384615385,786187169.1555,4417912.954626501,68683067.49699493,483281897.6923886,82
22.0,1425123044.8495,-3933694.335935,-191155470.52311337,670376581.8722897,81
22.0,900172178.449,1292672.0078076667,-386954297.9019834,343437931.8461105,83
23.166666666666668,1358916240.5211,-1950183.271662833,24733107.663305003,673702014.0741416,83
21.0,1685459986.326,2188886.0631074994,-272057658.6944249,852843714.7984947,85
14.842105263157896,1248320050.4489,-5417744.047317168,300392949.01283234,544341257.0750735,82
15.444444444444445,1170078919.8892,5604251.640087332,157483726.8292093,567438325.6109879,83
9.8,648345755.7116001,-3800982.294121334,5217942.782282702,320085313.8454322,90
12.142857142857142,339608833.8636,-1501177.7573415001,-29733489.037049014,196950892.19377297,84
10.62962962962963,39360056.32,37235.149433333376,48395207.70986667,28724127.426113337,85
12.166666666666666,43486787.3244,6402.632604666687,1164145.7280693336,11731943.183702286,86
21.846153846153847,509231871.3423,1791457.4733725004,-61397162.631758995,271734183.96299285,89
16.0,412444616.3994,-1088138.6366889998,-145004699.30162665,171502167.25028116,88
6.333333333333333,281765890.1879,39286.27761799986,-183733743.32166368,117534197.62410454,85
20.166666666666668,765732969.6216,3780531.877901165,-76678658.18787,403341718.72066605,89
13.368421052631579,349702113.40919995,-1309252.3360440005,108565675.60810798,175799197.97624415,90
15.0,361265748.42749995,944858.0587541667,6726106.910133337,231649335.98026085,89
21.384615384615383,544816867.4784,-3257909.023664,-117882824.64691201,275804502.3590774,89
20.846153846153847,852999523.9416,4887665.230853999,50012393.13319668,403240102.4144173,86
26.363636363636363,518494055.574,317181.4359543335,-65467770.98144999,249489187.38442457,87
15.545454545454545,365479952.05020005,-1196022.7640093334,26381681.25745965,231135129.42183876,87
18.428571428571427,620414962.1736,2465256.1631719996,-208405603.09989196,290947729.17204523,89
12.130434782608695,30791764.5504,-80307.73136399999,26266955.749495998,28159770.26527435,102
13.142857142857142,34027803.54720001,-459362.95877,54637340.504028,24397523.93701366,97
18.071428571428573,19547125.359000005,490003.1076176667,59562594.115101345,21554171.771408133,84
22.46153846153846,632258622.2591999,-1260035.0870399994,-52219726.34707199,418587152.622024,80
24.545454545454547,519073540.6122,-1105500.9788619997,-23982334.346431974,280798155.3126462,80
22.916666666666668,441557436.94560003,2501550.2166230003,-46497109.18223734,409928305.3151922,78
22.307692307692307,407346349.29450005,-1858213.0127990008,-90503223.68841967,351608532.6976363,80
22.0,378426466.34800005,2859263.2096700002,-67793988.85303332,386270335.84841275,82
21.214285714285715,457459464.1305,383242.54240999935,-47873763.247678325,239600914.05742118,82
21.23076923076923,404454772.1988,-4134902.7590369997,-96085107.544431,381298235.249854,85
21.692307692307693,505013051.3706,-97728.2679734997,-94593838.222224,242650993.52420363,83
20.923076923076923,516627042.7494001,-289044.10536733357,-86897849.45879334,257006511.3030117,86
21.833333333333332,396584935.9531,2758298.5189265,-90484055.44261935,261394536.66106603,82
24.4,233731978.50869998,-1192380.1016225002,-43781836.076271996,142237812.4647982,84
10.5,737211822.8633,-2748151.6685708333,72616732.874221,458367707.8216387,87
22.153846153846153,10638726.165600002,8025.977648000035,33430143.117384,32035871.667644322,87
15.777777777777779,31129103.376,42192.557040000014,4524091.025160001,12865319.120640345,85
12.217391304347826,239634724.3312,-249986.17262666667,129774177.79116267,149527337.9947731,100
10.5,32738553.132600002,-11583.646669,8582967.550165,19258545.39780062,88
13.1,30986576.642100003,-223637.0120308333,9747435.134823002,25289202.19665237,86
18.933333333333334,1234365614.7696002,675322.6460334993,-22264184.542815004,602722339.2297932,88
14.2,712305361.9369,1370170.4948321665,37225337.68294871,366027211.6395842,91
15.0,742849933.0629,4968342.027428,56968095.553772025,342461748.0909561,85
14.692307692307692,873536376.1645999,-335726.4410736668,130357615.76531464,572980954.8709549,84
24.0,815945124.4596,-484029.96750500065,-23426161.074981995,487677030.8868321,87
12.31578947368421,657655889.2758,-3476588.796849,236704770.585129,414588992.94501776,89
15.7,884712679.088,4766467.4658533335,49808413.60674667,565214154.9943856,90
14.333333333333334,1061462105.8248,2214195.740995667,-76476572.58817068,547229556.7567558,92
15.142857142857142,755056901.8182,3707004.4662401667,-126968337.72468066,466139985.50993156,88
19.583333333333332,752333427.2163999,1754920.0237370003,100787255.71988264,392436153.029751,85
13.555555555555555,435707105.58409995,261132.18322416663,-85548671.67812665,305834910.54365337,87
29.555555555555557,893771526.4039999,-302876.77928433416,-14487995.324285368,446593399.61403996,85
3.857142857142857,583441451.9106002,-5732940.291491332,-596833574.9745746,825818864.8271815,76
6.2368421052631575,927362975.5059999,3832714.785214,246998121.92249602,543632169.9136215,83
14.5,216572621.27820003,766124.1231031666,-235615556.16863367,449224754.67288977,77
13.25,775094118.8560001,51125.993374999365,185938300.80930337,412660791.6106798,80
10.925925925925926,77781871.09200001,-58931.44198250001,14196463.528439995,84254008.17044392,71
10.26923076923077,645958004.7055,-306337.665011667,48539199.726436675,300673811.55779153,81
6.0,973901182.4982,4598101.309613666,-139762646.287792,611566565.1208218,75
8.35,671029914.8934,3276435.8654885003,-10492619.363162994,423120043.99013,78
12.166666666666666,400112568.59599996,-935425.0073391666,25749909.524424672,191431740.78355774,76
12.066666666666666,782296889.1201,209963.36209500034,-140016546.46732497,439616869.9407438,78
15.6,1053247647.8219999,-214513.1230666667,-259493578.36491334,533593217.4876425,81
11.192307692307692,315406832.324,-256494.5711299999,138102200.95192668,129372450.34454705,79
10.88888888888889,576429565.1400001,-2600565.5559000005,-71641951.4616,217283135.65275255,81
8.870967741935484,44549304.1932,-548427.0496869999,63215097.809094,25095758.957459487,87
19.857142857142858,366772357.1666,-996196.0417896666,8364513.0792813115,208830197.94467455,80
10.703703703703704,219277915.12800002,-121670.80092000027,69033902.18544,126412370.91029243,76
7.411764705882353,207840430.3804,-406800.09944816655,-39417402.18107799,105379371.29293792,67
19.0,49447835.057500005,406114.7629458334,-88479977.14673333,62352053.797083855,76
14.066666666666666,361570533.5494,-115422.12451150011,-19824404.742388997,131804772.60139829,71
10.375,146590664.8064,-200657.3947906667,-16855146.01546267,69013365.42103077,68
17.923076923076923,351925622.18600005,897243.14841,-23612942.40677334,139022793.9824274,80
17.5,794369861.2656,1062963.1377839998,45433641.260291986,336708095.96518147,76
18.933333333333334,464276546.2236,-1734710.4637930004,53533718.976532005,206774658.0355382,79
16.058823529411764,36987325.136999995,71248.87791000001,28354254.74028,23415156.50592747,77
22.076923076923077,572327967.8675001,-1143472.580897834,16688309.564987665,264594602.24218836,78
14.1875,36335364.77409999,-389233.4705963333,34208583.99153434,43623997.98440665,76
12.0,97592513.44049999,625744.850627,-63181929.214494996,103614689.32213825,83
14.1,252219774.0494,1210178.8863303333,-803517.3462050025,107950983.89282174,82
0.0,0.0,0.0,0.0,0.0,73
17.9375,233559870.3635,-593007.2754716667,31540181.58135667,110003114.87870555,73
18.153846153846153,279411971.3704,-136777.34143333315,55870983.97179999,127962684.5052706,80
13.0,37347116.8476,-7880.172244000025,-23456601.327836,21262721.41650477,78
5.2727272727272725,296563904.1414,1285104.0909606668,-91339939.10534966,146494455.8114887,83
14.15,72296852.95030001,10720.090658833322,40975618.17495434,36628675.110532254,79
12.25,402709703.7808,-1309107.1523800003,190233477.2553587,238180576.25832337,78
0.0,0.0,0.0,0.0,0.0,76
9.0,5693294.182399999,1553.1103573333348,-9604946.481152,5258635.3811069485,86
0.0,0.0,0.0,0.0,0.0,76
34.42857142857143,106760336.7641,-434156.07222283335,-21800390.398202002,43119653.33238091,81
14.88888888888889,247989837.14800003,651026.8609066666,1548443.0427866618,142030652.77559486,93
11.304347826086957,595135648.1248,-382511.8305766667,37968400.97265666,294552821.5504576,81
8.5,429860796.5988,-976638.4640879997,-90238541.78180803,238993422.15800136,79
17.0625,826583676.4246,3380912.154055999,-54791193.2776587,390613220.6813896,84
10.576923076923077,285485962.9437,-701567.7199469998,62199771.872319005,130524796.51704662,83
10.464285714285714,379279549.3383,-648874.7440868332,156079499.73859102,168772982.30510703,87
9.0,746299840.221,1685323.9933291657,218520158.25280336,328234624.1955424,87
34.875,628367801.9697,2337311.208071667,-174251998.57583266,368546719.9148574,95
8.25925925925926,187130834.8312,732835.395968,44977292.464234,115969456.90830514,88
15.533333333333333,568657875.6734,193596.30207083264,-67548085.00082666,351410576.11938256,85
60.0,282144261.84720004,1780287.5285540002,-110120763.70813599,122343675.87514849,82
15.31578947368421,297627974.1935,392535.454491,-11485610.634646663,93450952.31239633,85
11.333333333333334,463524120.1637,-2132550.949488,-2825687.1503800075,250620580.46177354,81
16.529411764705884,477109874.264,-801581.2790700003,94535009.34198333,266687087.18279162,85
22.666666666666668,256719941.40120003,1164408.113198,-95406458.637308,113258749.82419547,86
11.066666666666666,307795898.2097,2312864.2981775003,7526115.290796992,230678112.38848174,65
22.0,391999124.74840003,1831162.7643313329,-76881049.41781767,156143993.64557976,67
10.31578947368421,138533492.02220002,-838901.5194596667,40907206.77674401,96484503.58340688,67
7.857142857142857,271379332.5838,329619.6019806667,-96168768.07088599,130857239.80352645,65
10.25,204746882.6232,1109293.7942320006,-78590616.978304,115902842.80731112,67
15.0,29262547.979399998,5439.6906188333405,-22616457.847143333,7904534.079503448,65
11.5,117441460.96199998,-591063.676544,-31104768.668590005,74354842.62811701,70
9.2,48605977.19280001,-279338.986344,-2033027.1359920024,51974133.504910655,73
23.0,100146015.69639999,-537017.1439466667,-1676467.6619559987,93226573.16275765,73
13.923076923076923,125456658.80160001,-814977.868832,67002834.435504,121203238.33970225,74
8.2,319485631.54300004,-1761848.4168903334,145822675.79301333,147516007.67436886,69
31.0,9719689.897799999,-1154.3288546666604,-4864580.544694667,4724119.002047383,61
16.055555555555557,58896996.38999999,100516.09162499999,80583641.3652,49206324.9604601,71
17.6875,75728289.21599999,78134.09476266667,2176328.087850666,41469639.7312167,72
16.647058823529413,519467951.8138,2139505.4871875,14865695.440762335,175607136.97018278,74
18.833333333333332,753639244.6869,-2409486.98562,-239645413.83654302,374295153.463265,71
14.277777777777779,529998413.49600005,-1371887.856901833,95673029.98093867,219812969.61059996,74
16.27777777777778,990380605.8781,-380796.59267350077,234278256.730861,455689513.6278887,57
19.6,916116079.8141,-197000.50505849998,-27065027.45149498,459815443.52929735,67
12.666666666666666,242940639.227,1809347.2512374998,151992196.01401332,107822461.40020789,74
9.178571428571429,20843877.4093,-571851.9573469999,81930866.15322967,37810426.755115,73
10.0625,544495459.1835,3709395.9195625004,39162392.67400999,255777530.0295701,67
10.961538461538462,38340788.3264,-85630.61085866665,51569421.230250664,33266742.859738145,64
7.56,555676015.6512,3841792.0074533336,151229990.4334153,357983814.88335526,69
17.0,174196129.684,-617168.6041183334,-22412303.603553332,114880283.0515008,64
14.0,180880310.709,-1152063.1828125,-85260452.37506999,122185114.97008424,63
70.75,351571790.43,-1570473.4575973332,-64693892.28457868,227931303.79822436,69
29.555555555555557,702409116.7262,2617560.675045332,-164959810.46739134,373783445.57598335,62
36.333333333333336,676332173.1000001,180582.71213750084,-132591013.49130835,327579192.04575974,65
13.8,555058220.904,497086.815984,-76296180.400176,273728755.89190125,66
15.266666666666667,635626451.073,2682386.8171899994,112450847.67764503,363475981.9065226,68
19.133333333333333,1185050514.8007,2145045.4028841676,-93718137.15340437,706998045.6867223,65
25.272727272727273,505358298.95600003,-666568.2972359998,11625226.796256667,193298388.0438983,66
26.857142857142858,418922024.0238,1793295.3656365005,12604660.307462674,235920131.74374261,63
27.25,491637697.5846,1978827.2702859999,-115565550.13224998,222865565.44340867,70
21.307692307692307,932768451.6414,-4449246.215512999,-84950576.65433897,440215515.46229494,64
17.625,583901557.0604,3527139.9418729995,-43218838.29658233,342648134.06207806,70
8.344827586206897,44212659.434200004,104706.07706233334,10910448.682818668,17042114.394175097,67
7.702702702702703,58746381.7644,527519.8082385,53305018.868673004,25552112.69831301,69
15.11111111111111,86849702.8422,-240755.16441649993,-7840557.383425667,38471970.647960775,73
27.0,53349602.7831,-97080.159774,-13732445.427714001,22979277.192298956,67
7.733333333333333,238070606.41320002,1684334.5869563334,115325268.88330798,179811789.23213947,67
16.444444444444443,779735705.6009,-1702697.2606063338,-5200842.449194998,409227377.10864073,75
14.6,1232528651.416,-3035640.2147066663,-70557054.46194667,654028140.835047,78
9.48,774519278.7240001,-2109769.82481,193380335.93964002,360398924.66845965,76
6.0,414843636.81600004,1565351.1067366665,-109663203.00378332,148377263.5339805,83
10.333333333333334,492037533.5832,-1636861.4765909999,-244357549.42473003,239004499.37609982,81
9.28,924751136.2515,-4567649.642860834,152580751.79965633,475398203.6139239,82
12.052631578947368,1002860697.9468,754035.2970920001,49445640.749325335,492431007.53630185,83
7.222222222222222,495621453.4992,-1859273.970696,-162384471.117522,272259126.3310669,80
26.5,64443416.637600005,-44298.13410750004,-9013214.752542002,27035590.60742623,68
7.3,1062231632.5373998,-514705.7580306668,599841703.202318,428778468.0535593,76
11.933333333333334,147876408.32279998,476945.36793116666,-2270993.8889336674,41561583.234494716,75
7.235294117647059,73802501.0628,-215372.86676633338,123563519.13688569,66481597.85317202,71
11.095238095238095,736793132.9241,3109632.966109,235502609.68558797,344293525.1345279,77
9.076923076923077,1355099396.3476,-4785696.365209668,381099605.37136596,710536978.680086,82
20.5,808708098.6832,3648164.507192,-394060767.5082293,685473134.8240621,68
13.0,20915299.970099986,2429102.0821406664,-160649862.41895235,159346080.366724,81
11.36,203903194.631,-82333.73413916667,73497554.74107666,117758987.32060255,70
6.685714285714286,1309230033.4459999,5745846.446832666,433140423.7538572,694782957.1874928,89
15.0,1208059557.21,577355.6802749991,93972036.71789996,687207999.7353779,85
14.5,2397693980.3596,8821534.126400664,45252760.61359731,1239607052.3196046,85
16.733333333333334,1907016370.71,2495955.055879999,-407508378.10958004,775356621.6303945,85
8.130434782608695,1098719218.9485,2293465.238873333,61585996.20792994,738532296.2396274,86
19.8,702106656.912,963993.3035400006,-43495708.902324,286020476.15103704,86
8.736842105263158,1198356069.3493998,-2604426.1370690004,-17238246.758407973,638796216.0946614,84
22.363636363636363,985340016.2352,-1427598.5948876669,-197464419.40796134,418306323.35252684,83
17.5,3907380.6576000005,-4427.708460000012,-4419991.786728,3666339.038357397,86
21.5,72144897.83039999,557603.5802559999,52342287.866175994,41270373.627790734,89
24.625,349785444.5127,1474619.8290875002,-18981643.703202996,207489224.0737143,81
22.75,488177634.477,-2111409.78217,20700824.066000003,234898549.5498493,76
22.25,419187779.76900005,-938489.9772049998,-77585303.15429667,328994354.1472653,85
23.25,268199118.3399999,-1257162.8702208335,-109384279.08208333,482306447.59222466,82
22.5,246107016.6911999,-1159667.0019840014,-107919528.660096,480501100.88109833,81
22.23076923076923,353498003.768,-3768938.2290776665,-60259102.32200732,432614953.5424753,84
20.25,188682537.8542,-911183.9190306666,101128858.348674,116554390.27552149,81
15.333333333333334,93940140.7672,721552.637308,78743090.924884,38608869.95958767,87
22.727272727272727,405210305.60400003,1056139.1805899998,76126015.42572,187532276.30314007,81
23.333333333333332,373133293.11329997,2515503.012114667,129537807.84539734,253787871.46695945,82
16.785714285714285,300106539.27360004,-2010927.7799840001,253626568.339376,304861099.44336927,82
25.181818181818183,949547132.2513999,2476608.600652333,-55407185.07246399,624557617.4631958,81
21.75,861023304.5658001,-3580022.494319333,32601895.612598013,500821438.0211192,81
21.818181818181817,139544692.399,-987259.4401649999,119559664.09139499,128001436.6561832,82
22.333333333333332,219058191.53399992,3931007.9946725,163699114.13249335,293940087.80640244,80
31.11111111111111,398790762.7608,508870.35795600025,-33116751.528384,203328264.3752893,81
26.181818181818183,554524099.4304,531942.3263219997,-92769594.019212,288656653.3250534,81
26.1,487133765.0216,997813.5725053335,77530076.72829069,241740666.64510474,79
21.76923076923077,739580443.3030001,819556.2080419994,7293946.048622996,400645679.6273389,81
21.90909090909091,30087588.2544,-36827.387837,12923892.529228,15899270.221894005,84
24.181818181818183,35325040.2054,433122.682124,41018764.829592,33758217.2208601,83
5.75,7623604.144,-9874.655923333334,-4763996.324306666,2742618.14583444,82
20.571428571428573,52802019.1408,295194.5593703333,31267614.421924,31205471.8077936,83
16.5,34554171.0932,-221860.19330933332,8258379.682930668,23837298.901292343,82
22.363636363636363,19614524.588000007,420529.54583599995,49641172.88920533,34814718.65604589,84
23.0,213909398.5436,-1993257.0535698335,154628593.52377436,153247436.5331265,81
24.363636363636363,694574141.5215,272875.6520505009,-13428676.643561998,371407591.3907817,82
33.5,413851782.564,-266203.92004999984,-11782136.162860006,231456895.33739582,82
24.727272727272727,465028509.35,-451593.9830791668,34453881.37358334,294174080.01278234,79
20.363636363636363,254471015.32140002,-1795087.7416510002,79942750.28614199,191771049.13816288,81
19.5,13468462.5907,218579.585534,29628857.23646967,32691674.69837011,79
20.77777777777778,334090745.1436,2037195.2697186668,15636571.962414691,192183172.40210193,81
23.0,530859931.9247,-87604.59143333555,-166578219.23757935,398359897.3252899,79
23.25,377146990.72099996,3158398.0553076672,55949240.96140601,313746104.2198123,80
25.5,164236391.54650003,232232.47166166664,105253790.90182665,115287554.30376773,80
23.363636363636363,511217088.5385,-2245799.1969899996,-9212322.393966,293212492.61178935,76
23.181818181818183,352628244.7701,-2291301.2138488335,2153509.7468819935,192703621.2766889,78
28.0,308889584.9094,1534384.45919,28311568.929423988,166782240.64562207,78
22.833333333333332,488604267.3258,-2563210.382373,5131573.273476003,247141975.71414918,79
23.0,633907424.1528,-3686720.6032159994,-94595452.37033732,315559407.97331816,80
25.181818181818183,468862673.315,561991.1705500006,-20369282.33496667,276860203.02673274,81
24.727272727272727,270009672.6555,-407646.14298,107540102.262195,177899759.3536806,80
22.5,597843205.3650999,1166666.327092167,16458025.821614005,309949496.48638904,81
23.545454545454547,660404661.4584,-555693.7501080005,-78964815.24523202,337454822.23614484,80
