mean,std,skewness,kurtosis,rms,mad,dominant_freq,total_power,mean_ibi,ibi_std,mean_peak_amp,HR
455900048.374769,692474176.9754125,-0.986387649302181,0.45816586256724134,829074990.5080309,527855677.61942565,0.1,1.8887299580635817e+18,0.7777777777777778,0.04374448818895455,851850120.6138,77
-15105698.55422994,532754635.527357,0.023377337388127768,-1.5346380432925872,532968745.6171312,485592336.79690564,0.1,1.1260067512697745e+18,0.7888888888888889,0.07114582486036501,59885041.52876921,75
110881586.77533336,307399575.4589278,-0.8374344100852177,-1.1407402288071222,326786207.294838,276858753.02122486,0.1,6.430767217238284e+17,0.8333333333333335,0.06666666666666665,195376347.39853334,73
-33014061.07392802,647086901.6991451,-0.1821401757592041,-0.723556376014101,647928535.0863875,535836791.4741688,0.1,3.4736974188159775e+18,0.8333333333333335,0.04494665749754947,584779696.4240001,73
-129682747.63977867,368404001.01741064,0.2410488200182947,-0.8410079435199789,390562572.45291543,311793593.8944347,0.2,1.4661841547743337e+18,0.7282051282051281,0.08148845426702928,78837056.01168573,81
-167923154.70690668,209619245.44653136,1.1051963102679334,0.4144027100670815,268585952.62651557,168545379.59542075,0.1,2.035907943934094e+17,0.7256410256410256,0.07969369368164134,-52331034.97332142,82
-7229055.6126250075,225148698.71066377,-0.09784245623650673,-1.1603044341630633,225264723.77217802,192962157.10515332,0.1,1.2813000225680622e+17,0.8090909090909091,0.07119600075436809,45028764.983125,72
45259306.97039734,340073150.5352603,-0.10866152707204003,-1.3521702525235508,343071643.5125737,309923141.41160053,0.1,7.979502156578575e+17,0.7515151515151515,0.03856946079199354,161153297.39851665,80
79556612.67136365,329936577.5726322,-0.08138792135261362,-0.5781098383396177,339392692.67337346,277476364.5429582,0.1,3.143147069932691e+17,0.775,0.05793514892948395,149934606.13424614,79
38742014.15609036,315029924.86431116,-0.3187722519122468,-1.5050886395191236,317403209.21642274,289766099.4795057,0.1,8.764366929915846e+17,0.8,0.08287754140107483,147946535.410825,72
-155458415.740796,382496153.3440616,0.7767836248012463,0.31736191570522454,412880886.39175594,294168003.3444285,0.0,7.374123700109821e+17,0.8027777777777779,0.05846545883291442,65524286.59516925,76
184194264.11567366,385551560.8914607,-0.5693846526330032,-0.30015068492166064,427290923.1881205,315439737.8175869,0.30000000000000004,1.2264036521118438e+18,0.796969696969697,0.12181667419540473,442965785.1236334,74
-310312918.552108,246455929.30034825,1.541673558593851,2.461458536724714,396275954.99553776,177193049.8957385,0.1,2.9545120960381274e+17,0.741025641025641,0.20219050260221874,-227839790.49047858,79
-30412700.36712499,481254700.8177421,0.37574806560560653,-0.24652562698177638,482214702.59915864,393176221.88002676,0.2,2.4044195366400696e+18,0.7333333333333333,0.11303883305208784,210916758.17173073,76
140752761.20339862,621235830.2829392,-0.5368128525257316,-0.3141835378078346,636981394.2445365,502216382.16137755,0.1,2.949004913807965e+18,0.7307692307692307,0.11944425332156018,379110522.0013572,72
-44422314.48072934,456485684.8167365,0.32935318672297786,-1.1767756046462718,458642041.7563459,392735247.4070582,0.1,9.511696255630209e+17,0.7861111111111111,0.1357137055589568,99642104.79145387,74
-14097584.338842684,208055378.70762843,0.20581829357954287,-1.5669055512188756,208532449.49735156,194258429.0499144,0.1,2.2110594314754704e+17,0.8151515151515152,0.15722571843724664,12671210.706250003,72
-5667396.767082011,730379153.2479854,0.09315290183261819,-0.7564526416467814,730401141.0761621,600986643.0788531,0.30000000000000004,3.4454675065017395e+18,0.8151515151515152,0.14309962367415266,527310876.66299987,72
31047677.488409985,415838197.3110906,0.03299151871473661,-0.7046072336067288,416995641.00882614,343211376.3736834,0.30000000000000004,1.3456771905749903e+18,0.7666666666666666,0.09428090415820635,263013877.77669233,78
-68771774.15184997,412071267.18482524,0.029216341961975128,-0.8984535447310344,417770614.2840838,344760229.2478593,0.30000000000000004,1.0934078286930651e+18,0.7999999999999999,0.2348435972120917,80277764.53491668,74
-7509600.371711999,3745471.2204178087,1.8664091072188813,5.176681625979654,8391820.56563384,2729153.71792384,0.9,102694186584212.17,0.8151515151515153,0.20318854077866927,-2558350.7264000005,76
104403272.54305202,274025236.904614,-0.6843248844465608,-0.6596143710361932,293240300.399397,231125451.14208654,0.1,4.104018798625353e+17,0.7307692307692307,0.14170001927844206,221955571.44454283,76
172601500.698786,213169454.15973648,-0.5280719988346863,-0.16930831550764447,274285424.7499,173981230.88066465,0.1,6.684073323138397e+17,0.7128205128205128,0.1499506822278302,241481504.47011426,74
318242843.27471995,96261427.00314435,-4.768825101624212,27.98830912308584,332482735.8288843,47573635.97488322,0.1,1.0166601797321218e+16,0.8466666666666667,0.18749814813900315,352258651.6573091,62
293739511.679625,488370673.7054425,-0.7963533216940417,-0.4731888805748543,569902461.5294203,418715499.13248,0.1,7.578456611236886e+17,0.8454545454545453,0.287192163616933,355940888.83787507,60
-136941782.78677604,320618379.6187375,0.5497845921083925,-1.2582005006994927,348639064.3949204,290481786.9136638,0.1,5.023217270012061e+17,1.0583333333333333,0.032274861218395144,-97993535.48893334,56
-597949294.5330666,1004241529.038257,0.9575815323122783,0.11816861243454957,1168779024.228998,786542411.0777298,0.1,6.875768427676168e+18,0.93,0.20680103158994798,-419192757.7520001,57
538719552.880036,1336881050.3929625,-0.6851412274113367,-0.6050436347119046,1441343019.3937376,1136752216.3048148,0.1,1.255513012205434e+19,1.0148148148148148,0.14151831981142815,965937776.62756,56
-335543729.315244,1956695815.674021,0.04736297559324747,-1.0600654552414461,1985257693.4390666,1692572813.8515346,0.1,2.8342338639769194e+19,0.7564102564102565,0.2573316777496283,710062873.9953858,54
-38106818.34410136,998238191.9984614,-0.02874495795275254,-1.6765099608449527,998965273.454822,937895583.3071272,0.1,6.113005585358366e+18,0.8800000000000001,0.2659156090023884,205473421.8814909,55
-717789534.0000663,1798893644.138647,0.0891135852888076,-0.47525825344029116,1936811854.0639033,1473775593.6693025,0.1,2.812569688921621e+19,0.7076923076923076,0.2569225651256482,66050011.857728586,55
-236734249.3480213,930949978.9420843,0.41698083401116587,-1.4756721750772075,960578454.9461008,861530074.4912443,0.1,4.713110190384744e+18,0.7999999999999999,0.2870962250261094,-77984942.61579998,54
-164231263.5098963,821496640.5789739,0.16719844364020595,-1.2580540050339624,837752134.2238387,714799393.6113498,0.1,7.32090491742472e+18,0.9851851851851853,0.23680544241697454,-55899514.22436001,53
329484501.25816005,1049990231.5725589,-0.02920533686965637,-0.3731031395118354,1100472408.9985783,876068838.4765973,0.1,8.998553148833496e+18,0.8333333333333334,0.251219249085557,910374843.1246362,56
-95739588.21978897,968105663.0325483,0.24476494800004053,-1.5895935469757012,972828167.5343208,897099135.1488968,0.1,6.58522226125051e+18,0.9666666666666666,0.2577203001054045,319015886.94324005,54
341541671.7156603,873318317.2165508,-0.6937795238584307,-0.09339672289563827,937728956.9509283,693952389.6322991,0.1,6.836908934100378e+18,0.8181818181818182,0.2952019121929104,635365705.3896917,53
-29689505.634976666,11112318.775248865,5.089575819510604,24.541688724357297,31700952.247717414,4216027.750287156,0.0,43080524068403.86,0.893939393939394,0.32623291605664906,-26405230.796725005,54
62638919.0596,224320975.77568623,-0.15311809113839195,-0.6414195613529787,232902413.80009598,179538873.90836802,0.1,9.323994839047914e+16,0.8151515151515152,0.264904646981992,111045883.64999999,57
151599785.07330367,180868699.36227274,-0.5547271592087645,-0.09939151484092923,235999960.26116627,157724692.20558786,0.1,2.3924177612153715e+17,1.0296296296296297,0.31168377629584076,241102513.84932995,58
89096060.08484831,287029438.8437035,-0.6386098455317092,-1.2197773244371075,300539525.9954575,258887848.8783185,0.1,1.3159469566109655e+18,0.9925925925925926,0.25999894481161845,175413539.15045002,64
65622422.881694034,426612071.11932,-0.3190831730601165,-1.540964888520664,431629657.9355728,396401124.2855308,0.1,1.0602584818564539e+18,0.9099999999999999,0.07608474807008883,194607232.09161818,67
-19502920.867333338,456741855.9403629,-0.11508724093275971,-0.16458680933842418,457158054.6049743,367287346.5970756,1.0,1.0997454216519826e+18,1.011111111111111,0.03513641844631535,417645421.78000003,58
73541057.766857,203332687.9416772,-0.19286026676613977,0.7832179798900754,216223192.93511435,149907880.43494707,0.4,3.2528445267216205e+17,0.9400000000000001,0.22939534045447005,229975209.7754636,62
3059881.5826086616,267739371.32738912,-0.07764735465235999,-0.31075417055352794,267756855.8115462,214799850.05598766,0.2,8.45558865439257e+17,1.011111111111111,0.11221672153735643,237735684.58058995,60
-10758943.926704025,469048783.7299237,-0.048124077870248416,-1.2600807673033807,469172160.7181512,414437373.692924,0.1,1.249720370961786e+18,0.8787878787878788,0.2142747821777417,210338723.77980003,58
-179412988.91409135,465275703.0021782,0.2504810511297474,-0.8059257511715732,498668728.11041486,391471353.3000331,0.1,1.133881085223953e+18,1.0037037037037038,0.14524941889724133,170214959.97514,57
-309683347.36375636,383869411.1324172,0.6887865258677519,0.2652965763559827,493213443.082779,304043882.3502523,1.0,1.1226288428963036e+18,0.8515151515151514,0.24344482143509014,15110488.56705,58
-41813302.449695334,314779781.5839225,0.00404378866876668,-1.2538016214667251,317544741.97468877,276935492.25764275,0.1,3.955467925158434e+17,0.8366666666666667,0.2487524427574085,77762318.20585452,57
-28481880.89227033,460843384.8795466,-0.10237148832437494,-0.871268059673679,461722690.504159,386748789.2658182,0.1,2.361747659585691e+18,1.0814814814814815,0.05689737591013781,421508445.98753,57
-148588319.88546136,141511812.1016017,1.4521785977480166,5.3114856049575305,205192791.7122412,99760627.88725202,0.9,7.092083976015627e+16,0.8799999999999999,0.2650786046942806,7670748.7280545505,54
-123182560.77582665,359404285.3904213,0.6467037556323961,-0.13800726725462287,379928129.5670138,286879563.68550414,0.1,7.57635960329746e+17,0.9962962962962963,0.2843421884099146,108134280.70606999,54
-69883082.49194999,340707975.2581588,0.2570599211042315,-0.7730069253334295,347801048.9102798,284565071.55037934,0.1,3.8778496110639066e+17,1.1041666666666667,0.030900827029565255,179967031.57499996,55
-97688864.31707469,638873568.3934009,0.10269426698791691,-0.6734935337688235,646299118.5227451,522594216.2204363,0.9,4.5872761397179336e+18,0.9400000000000001,0.24027761721253468,585033703.3069091,54
-157591615.73878667,109441165.10510243,1.4401845718633624,3.123036678175456,191865801.98337504,84829870.00660063,0.1,3.18574373026535e+16,0.9166666666666666,0.2833333333333333,-156042160.71195555,61
81150754.07873704,301848132.6605752,-0.564462230818756,-1.0238086772661699,312566377.0756923,265059308.7459492,0.1,1.563922795040404e+18,1.0074074074074073,0.03777051491550214,113101722.81289001,60
-203658510.7761517,989146461.1081696,0.23306164171955812,-1.0590286283904504,1009894801.7166815,853325794.2825425,0.1,9.914331427314653e+18,0.9433333333333331,0.20978825303412754,-17178448.4970637,57
-787394624.8868699,2052698636.7389493,0.5197084300975953,-0.7604154663607803,2198536328.690221,1712630180.7539783,0.1,3.5276305996100964e+19,0.7833333333333332,0.27097218662793776,-363748463.133,56
75983358.37864803,340599168.66663086,-0.2512247119131597,-0.6163138542594369,348971724.4231947,265878905.02497086,0.1,1.3867329961953e+18,1.1083333333333334,0.11873172373979171,163279007.8016,53
-164149399.59398198,1146649534.4732227,0.16332516327320937,-1.5561241686595257,1158339406.3463104,1065587202.929864,0.1,8.997726346301441e+18,0.9766666666666668,0.29289740334951575,438689906.10392725,56
-131236138.10298304,1232501577.1138072,-0.18185274099642657,-1.0896565752863037,1239468862.67151,1051900197.7736074,0.1,1.6378299190754808e+19,0.775,0.24423918149588078,15468321.51228459,56
-459764473.47601014,937924959.0789005,0.63675576874675,-0.44196824114701627,1044550908.2537959,773808181.3202561,0.1,3.5428556427787484e+18,0.7888888888888889,0.22580446036557308,-243770083.2155307,56
-455005608.661584,672561045.0899817,0.8882588507781669,-0.5998353157852097,812015063.4600487,586746509.0835167,0.1,1.900050454277288e+18,0.96,0.206451500896027,-306733146.31669086,56
-672096874.1256046,1035568784.9142667,0.9673109845282634,0.1125447804048747,1234551301.6874673,805425334.5893612,0.1,8.071074308676743e+18,0.8606060606060605,0.25695111425091005,-542057304.3281084,54
325148840.8497813,504019461.567401,-1.3858790950220234,0.2273821404680314,599797787.8790895,394822394.53875583,0.1,8.739476501197119e+17,0.7888888888888889,0.19452379333346217,343902538.7859462,57
-7282392.61735,14687115.504589243,0.5120607697075652,-0.3402400962014749,16393431.73586237,11979525.441418666,0.6000000000000001,1605870576808549.8,0.8900000000000002,0.2704112094980943,6296037.7731818175,57
39789370.87822131,580394696.2974669,-0.02890228304494687,-1.1183173167487865,581756991.8145492,503225762.33313394,0.1,3.8387462510769587e+18,0.9033333333333333,0.12948616399703358,318271663.95952725,63
-7261094.833234666,162063320.1806307,-0.3371637966583062,-0.37508377755007727,162225901.8965432,135241915.32158944,0.1,2.8084620938674838e+17,0.9099999999999999,0.1549551906555928,59273050.58385455,63
-97444199.02058998,77134065.39159106,0.5879888191022397,5.102580786917981,124278059.07157786,57010232.948722206,0.1,2.5907961882655668e+16,1.0333333333333332,0.17873008824606013,-66550105.26719999,60
313004015.14526004,678765016.4117017,-0.9125449131186065,0.9570523331252936,747457999.4898922,494660357.8626638,1.0,2.821758238734514e+18,0.9533333333333334,0.06000000000000001,1035866806.6881272,60
220733326.70031467,129065896.36397666,-2.225027019516917,6.7743815935805305,255697491.42380068,89843873.04116721,0.1,1.024173916607052e+17,1.014814814814815,0.25488371161607787,287160261.64559996,60
110473204.78372501,211042630.21450138,-1.0957254146976183,0.1119107439944016,238208565.63742962,161231577.3808705,0.1,2.2230721547306234e+17,0.9666666666666668,0.3018461712712473,103424921.38872728,55
-215721168.97256333,481163493.60286546,0.3950293727842323,-1.0171707268916315,527308192.9185284,412234844.2374132,0.1,2.6576650043597804e+18,0.9333333333333333,0.24585451886114368,-74737609.51745453,56
-62279403.03386668,523412238.7690243,-0.15791153300262506,-0.962021705406952,527104444.807153,448844556.7625102,0.1,3.451809559359035e+18,0.9400000000000001,0.26783079235467555,276960236.77738184,55
-182247697.5169107,400687813.6529707,0.46888896743946723,-0.07638121407770093,440187400.1606738,308164254.2633079,0.2,9.31406877569521e+17,0.8733333333333333,0.27960289300681024,-79928500.14000002,54
-45762694.021978,371075809.6696263,0.1319574481291367,-0.10492632894272047,373886989.19074184,297503896.32559085,0.2,9.304304741289879e+17,0.8787878787878788,0.24711373379242565,199629092.21901667,56
45072848.64462798,1009298294.7822744,-0.16953834051592254,-1.0420282294924175,1010304216.3305806,884888731.1136955,0.30000000000000004,7.454661958197136e+18,0.6666666666666666,0.12724180205607036,352981747.28114676,72
-644053160.0641122,1208979770.869095,0.7380087388114659,0.5470236043248722,1369830850.6378655,916616584.0236298,0.1,3.7715266179844434e+18,0.6466666666666666,0.19881128218973373,-308892573.32306254,55
-119329602.41273998,681319278.7445312,-0.04634928933667324,-1.0641739392746559,691690330.7123432,594489203.7039044,0.1,2.0987760600593626e+18,0.6880952380952381,0.1824033307170934,-82489515.21072003,56
-673662247.8320681,1303458548.0491428,0.5892585047763563,-0.12220330899798215,1467250834.259955,1048494099.8245811,0.1,6.425944808212728e+18,0.9166666666666666,0.1796601730428249,11260255.73889093,66
-189829899.81884897,87381016.62701952,3.482908006257136,13.050594501472819,208975675.45531636,45248902.32096041,0.1,1.8503959514646108e+16,0.9037037037037039,0.17101327971281774,-186721705.06134,66
-71692448.83690798,890590735.149717,0.024854556079175538,-0.805890236016388,893471692.1955312,744038836.955625,1.1,4.5113182870055747e+18,0.8966666666666667,0.07951240294584376,757985675.2592727,65
-72168270.58895633,634969519.625482,-0.009129989467536027,-0.6108977924641845,639057548.373553,512724033.6937008,1.2000000000000002,2.669253669351662e+18,0.8333333333333333,0.12472191289246473,724352982.3922501,72
-246029204.5548,686319635.0522512,0.3177980468571284,-0.7344457239407487,729085050.5614024,571769105.789876,0.2,3.994972837118561e+18,0.9433333333333334,0.12387269450708033,596430001.7099999,62
34758882.82902664,575729988.4468262,-0.05306420533677267,-0.3334271492319387,576778293.2223653,451064457.8933,1.2000000000000002,2.009835762524561e+18,0.8733333333333334,0.07423685817106694,688460542.9700274,67
-121360750.61678866,593697756.8220997,0.28214080793559804,-0.4212776920018255,605974800.0089306,489636711.46720165,1.1,2.79243003994508e+18,0.9266666666666667,0.0879393730551528,821268737.1597545,63
-241697321.668992,718191211.1542135,0.4759366351673404,-0.366593162278237,757770553.0575336,586829861.9424461,1.0,4.3237293960238433e+18,0.9740740740740742,0.07332959212304936,803081927.2448,60
107537254.38183,211585736.13653082,-0.7697178242750057,-1.2197295400391006,237345286.06319538,194141964.9621144,0.1,2.856604474892267e+17,0.9233333333333335,0.07461009761866466,144747550.92935455,67
-22885691.34021334,191648106.27979067,0.08397496573144923,-0.29906976337196856,193009718.68988737,150755539.5662823,0.5,4.0659916802905856e+17,0.8121212121212121,0.19083692719798528,111711274.69646667,69
64198778.888588004,95701512.32530615,-1.1573229352114613,0.2802518507778835,115240022.00683813,76882516.43316075,0.0,4.337074084659401e+16,0.809090909090909,0.1639727182844689,97571644.21193333,71
14400009.839179998,31463390.345137727,-0.9380509262650872,-0.6363065832937385,34602098.42450292,26987698.574607868,0.1,7855642327518835.0,0.95,0.26299556396765833,16910968.721181814,62
607930.8694836807,251229109.259054,-0.10026062823372568,-0.7357894531172109,251229844.80160743,209762427.53651398,0.1,6.420862100143628e+17,0.8121212121212121,0.04772125984249583,255374401.06363335,72
-47038313.532165,38630991.20546956,1.3994156393893566,3.0196393471373826,60868353.20153917,29125429.523322098,0.2,2.289203424315928e+16,0.8181818181818182,0.17136624867392358,-29977095.99267499,83
-130939.291335996,190953093.94951874,0.2962452566118992,-1.5783667789702598,190953138.84299397,179448213.9392346,0.1,3.0182726620812045e+17,0.809090909090909,0.1005951071072596,90116579.69335,69
-97052863.39264534,207517882.01416722,0.4510541826951631,-0.581045105052878,229091531.15808824,172729431.92305505,0.1,4.334486544871601e+17,0.7435897435897437,0.11938919719818274,11149450.209764298,75
153647245.849636,362893717.93886864,-0.3926151020289149,0.06960737461158661,394080355.6086926,283720868.78345054,1.1,7.11526201545259e+17,0.8833333333333334,0.05627314338711376,475846476.06720006,70
-92701654.64574666,148127069.30632377,0.6057366009444405,-0.10562780799515181,174743312.9917701,121397742.74163163,1.0,1.2641620364670768e+17,0.9518518518518518,0.08029438292103258,58028066.66712,64
-118906339.270754,148602593.48537755,0.8354800658346856,0.45672928418544867,190319332.46349943,120319954.75199747,0.1,3.138876864921046e+17,0.8700000000000001,0.09938701010583717,-869849.4498909068,66
-87524951.95918599,404991306.33241683,0.05090301018967341,-0.8110266890304745,414341134.11571306,342241084.6387116,1.1,1.5355612769517985e+18,0.8545454545454544,0.11125793788294436,378798452.479125,67
-255947692.782565,451727522.81673396,0.6549127186555889,-0.2981888714744807,519198397.8315622,366630683.6510759,1.0,1.8783703615411768e+18,0.8636363636363638,0.18719327529067276,239729455.39549997,64
-185420373.027444,267576935.44603187,0.5458116136443616,-0.13231252175536046,325542825.3184616,218847656.69712016,0.2,5.847288682765388e+17,0.8633333333333335,0.09363047936792095,75139363.67269091,67
22316787.60943597,353508017.9929033,-0.4207256498314893,-0.789735468178006,354211741.4689631,285939029.61140114,0.1,7.991874354430829e+17,0.8212121212121214,0.09457264566258931,269390809.89085,65
-8163186.443744023,479102644.7960649,-0.18049235664332774,-1.5375010332721413,479172183.9417431,441266178.2459822,0.1,1.3809941200906084e+18,0.9233333333333335,0.10225241100118643,130890045.86076364,64
-303177854.4658553,612514304.1568549,0.4577006307595692,-0.6886229694135815,683440256.522306,515344950.0387201,0.1,3.582608172499876e+18,0.8454545454545456,0.16408468328098041,115983039.29186668,72
85900624.323142,269138089.86627513,-0.8073736864629627,-0.9439219758779056,282514121.1974594,237544201.58752087,0.1,2.9960199089912986e+17,0.9099999999999999,0.089504810547317,137099656.21789092,64
-96519749.45995197,461115068.5342159,0.08429912943094556,-1.7202052774936505,471108446.60770684,438886978.9281473,0.1,1.8811805632966548e+18,0.9,0.08819171036881969,45606775.600927286,67
-139400917.92684165,223612516.50519302,0.6545408483832216,-0.4425833799610541,263505547.2976447,183095209.25283203,0.1,1.9463623882991338e+17,0.9925925925925926,0.4356852918396228,-99580396.30350001,66
-272923728.48088807,522564263.8925981,0.682460476069125,-0.005086781475163615,589542849.5584713,412570961.0360947,0.1,1.2999184027750943e+18,0.8515151515151516,0.1827752587878815,-122191379.34245001,62
-99643598.250131,391202078.7287129,0.20293804683800928,-1.197670526494224,403692844.9624784,344913637.0603815,0.1,1.1724976855209485e+18,0.9199999999999999,0.14313940369055925,-10522876.841127254,63
339119282.99403,376356478.0327874,-1.4334258403556313,1.088772188527317,506602493.7321459,296514264.0254564,0.1,6.762657314061395e+17,0.8181818181818182,0.1788649037984692,539430152.6652501,63
105556017.119804,444327779.1142838,-0.5127654563060152,-0.03711668182935446,456693823.08372444,346068313.0734826,0.1,2.3644231239059297e+18,0.7583333333333334,0.15099975472140986,225742537.65634617,66
-136495999.7753103,344561322.2774656,0.44348459473840496,0.5860139316790978,370612550.73763627,254172417.837895,0.1,1.2213824245533448e+18,0.8424242424242425,0.1264039613006922,-11051887.522583326,71
-22971265.19067805,553760540.954914,0.1303889263850419,-1.5841781508443804,554236786.710463,509098919.1683193,0.1,1.609080419433246e+18,0.8484848484848485,0.18166660348268926,77838055.52946667,64
26355638.538942672,20649510.12746255,-2.4797637469456895,6.773122465831214,33481665.897914615,11507254.058440061,0.2,3393969187593182.0,0.9833333333333334,0.2713136766016617,36692563.24625455,68
-33224011.062978007,92527796.97306159,0.27753538061212146,-0.09188061542146464,98311892.07721002,76742952.00867443,0.1,5.6106517098885064e+16,0.8878787878787879,0.20561449034772578,7443600.81096667,65
23575371.550208334,71491074.30942182,-0.5878186559576554,0.029942659984606212,75277963.90475532,55121356.40698634,0.1,3.971623482598259e+16,0.6666666666666666,0.09518313432446456,83389040.37325,84
-18213429.551988,22100057.747991197,1.030472420212089,1.132061790507409,28638113.91327605,16301367.56754128,0.1,7621696420316205.0,0.8400000000000001,0.15333333333333335,-6750257.638963634,62
-111653504.967733,527931006.33688337,0.3641096662599438,-1.171942009234922,539608795.910013,458146083.02049196,0.1,2.7200775636103086e+18,0.8787878787878789,0.17423583650260668,105297996.57528333,60
-141753166.76724,662786552.7325304,0.08578885169943898,-1.007755879223039,677775755.5206679,568044287.5313168,0.1,2.4179424295713347e+18,0.8545454545454546,0.12970263369110727,262799742.99424997,66
-296649014.50143534,726376883.6607054,0.35690198768246884,-0.7306432711042508,784617113.5791717,613090313.3480147,0.1,6.131088419628219e+18,0.9481481481481482,0.08181748901620192,429449358.76964,63
106040699.096812,699637133.9521778,-0.16004955267330595,-0.24991809323452507,707627549.6825701,566941220.6769441,1.1,5.55394841692152e+18,0.8242424242424242,0.15896820664974548,976464935.7871499,66
-549137538.9811001,398165691.3286778,1.6079054391533083,2.6600496379743435,678297836.1084923,301438223.4358827,0.1,1.1016220331636353e+18,0.8966666666666667,0.18764623926716764,-297819378.9963273,67
-85104665.7816921,881606750.850179,0.18865320560581747,-1.309788857828479,885704954.983556,788953028.173311,0.1,5.369288466262922e+18,0.8250000000000001,0.1558281341972861,354791576.6896308,68
-33905554.02823167,159490537.32248124,-0.10355953433062383,-1.2220997118822385,163054647.55527553,143465361.19973898,0.1,1.8273649944641824e+17,0.8166666666666665,0.15244914148902494,7232555.242846151,66
-70080926.01647402,191094966.79680717,0.6604554374333322,-0.4181692201869769,203540223.36235985,149600801.809011,0.1,5.84927618457884e+16,0.7972222222222222,0.18331228835440466,-31797292.578023076,62
-27881908.471194025,264403637.83128637,0.11000849885766038,-1.5735454926062946,265869675.81582916,247677223.68876186,0.1,9.644965706945908e+17,0.9099999999999999,0.23335714164249519,26295889.310509086,64
-6521186.373327026,416589007.70709735,-0.3178856531534195,-1.2096269841544942,416640045.13980615,365539355.56539863,0.1,1.5377649534295176e+18,1.0,0.06478835438717,255050491.33466998,60
99043961.00248466,188225918.51575193,-1.0939658216990624,-0.3469539219690536,212693917.66611516,154037909.9969511,0.1,8.524773233026264e+16,0.9400000000000001,0.16384274303259347,133151864.14899999,57
146689940.12948564,224695196.78501147,-1.2326046343946415,0.23619494014354903,268339095.164024,171436487.5023921,0.1,1.2188594541290512e+17,0.86,0.25508168626278654,155973604.41213638,55
106401718.22911033,392415492.8658148,-0.45403807840662597,-1.287968619553142,406584855.4523734,352347926.25207555,0.1,1.1260276262012443e+18,0.9266666666666665,0.16983652270476,251983237.35459995,58
-43693899.58312401,245481001.65287247,0.06066373006426246,-1.0996259570975986,249339284.9778745,213550260.27201402,0.1,5.4317619874737114e+17,1.0074074074074073,0.078217452155344,97079717.55341998,58
164731174.29369262,369861263.0191678,-0.6404550081823822,0.5025029839364734,404887285.1378677,291930597.6857981,0.2,9.36693270519991e+17,1.0185185185185184,0.047430549906909994,553957077.3547,59
-352040562.633774,455172575.1705804,0.8785342097397144,0.1009319505954882,575425608.5081041,360370736.653237,0.1,1.1406649883702182e+18,0.9851851851851853,0.06499973620290464,36474491.06532001,60
108658414.76265535,499784942.8578947,-0.24189990899592378,-0.53632926639433,511460301.6913457,410319488.1064559,0.1,1.5024436063624727e+18,0.9777777777777779,0.04444444444444447,545872153.3579601,61
84938369.51673001,499169822.42913264,-0.2893105151704964,-0.5593001525891603,506344781.9816972,405121103.83881164,0.1,2.4205802427900145e+18,0.9,0.1960725489313699,455070395.53063625,59
-93737487.35945733,398843355.43295044,0.21191784958902518,-0.4837194678924259,409710554.79384387,330115621.2069464,0.1,1.2656573177035374e+18,0.9833333333333334,0.05,298934927.49120003,60
5823989.222337977,425446036.48643804,0.12286884050497486,-1.0288553368003917,425485897.31327343,366473264.2093464,0.1,1.9564184513393708e+18,0.8138888888888888,0.16299189557978447,158125883.51843074,65
-313478717.02516633,946655379.3901818,0.627167500275206,-0.948838942418091,997208761.1709561,793955233.5583706,0.1,3.447691846063087e+18,0.896969696969697,0.0989383498019061,119835962.39788331,68
-136500078.44756797,274856686.6766818,0.8356477687827049,0.19449994317618868,306885108.18721044,206485061.6389851,0.2,3.272229449743027e+17,0.8899999999999999,0.2902297940138699,-53863536.88640001,57
-31159766.068787996,244592452.02055636,0.036785286191971384,-1.4241030532119414,246569257.2217586,227434878.7252198,0.1,5.5770349011451674e+17,0.775,0.22530843057659625,8652434.110061536,58
80569171.05907999,532103743.76740474,-0.3710630895618017,-1.2837507404694821,538168919.0732174,472553994.6115621,0.1,4.125466495795652e+18,0.736111111111111,0.1822992723281089,153690719.36289233,58
137713300.341034,406253163.9492127,-0.25941607967218344,-0.5957112280350891,428959888.92851704,339927466.9664918,0.2,1.2716495977775293e+18,0.7722222222222221,0.20130745479992712,289874044.8093769,55
-189502205.12246332,316231593.9900129,1.0853530641133002,0.4547262932502978,368664490.8093815,236613601.52509105,0.2,2.0939568245993523e+17,0.9851851851851853,0.15722211316141577,-82005260.25860001,57
-211950282.1291933,674754618.1388521,0.5066642217189701,-0.9582114250540128,707260006.4999807,583463712.5500579,0.2,3.649010169925623e+18,0.8566666666666667,0.1751507287389287,-2449268.169272721,59
-137148750.30908132,408352303.10634583,0.6590890303354258,-0.9482303999480712,430768363.6986352,356401421.6400115,0.1,2.2761974015057567e+18,0.9133333333333333,0.21354156504062624,38830105.19645453,58
147030413.42946,387186270.37048465,-0.4829079407239201,-0.4295844919048135,414163193.0008315,323605993.016432,0.1,8.681834333573514e+17,0.9566666666666668,0.12565384549980513,302903309.2662091,62
155242568.79634202,555669617.1600944,-0.258419395545838,-0.31522879945435633,576947986.0449578,458909118.92367154,0.1,2.870440067948135e+18,0.7999999999999999,0.22933074933944775,416854848.97753084,59
13566821.538644003,223317787.30191112,0.2928247541910836,-0.8753743787279036,223729508.0495262,178073746.30848822,0.2,1.94086578233806e+17,0.7435897435897435,0.22885243832497104,50724444.25030718,59
213547735.97752,351978091.6708262,-0.8702259850271029,-0.3518124139845864,411693104.8212505,292943661.59901977,0.1,9.36685051129289e+17,0.6948717948717948,0.2083086770419477,237189833.0278857,59
262485624.58204865,1478027857.11222,0.11768825955424914,-0.8125900448354373,1501154572.1583667,1244200476.9025066,0.1,2.1171945042711077e+19,0.741025641025641,0.21726892476220372,1126830524.3522143,59
4745496.044510981,370969834.81105727,0.46594919725915973,-0.6106627981725485,371000186.0814245,299713458.0553351,0.1,2.54922571230849e+17,0.8515151515151516,0.1725411011574153,88633349.4603,66
35262637.12573332,465752275.4241669,0.2091663156862368,-1.2972821156228682,467085255.21562994,409795865.32788795,0.1,2.6051219457751393e+18,0.6666666666666666,0.18516401995451034,96202363.93199998,55
-217665825.6881967,879286285.7003306,0.20335610978259822,-1.0971196607983291,905827126.936044,759602036.8993974,0.1,7.15498342894459e+18,0.6642857142857144,0.1540275618060559,19826405.739713304,57
271832724.789912,470624513.82754874,-0.5458104439252939,-0.8595283448844722,543489156.5451188,413614391.6726765,0.1,1.7369262185287754e+18,0.6904761904761905,0.1438851898070298,292918420.5948,59
-105101837.33363502,428751301.59240663,0.2576150413849713,-0.7503807884857538,441445438.10995334,354573419.80963886,0.1,1.8471777963263299e+18,0.6928571428571428,0.18046613868225905,-39054156.1237,59
68993896.821456,472587071.1657762,-0.13713675177369763,-0.9652955345781353,477596793.9922295,402898050.02552,0.1,2.5386827215818957e+18,0.6422222222222221,0.1502918970569859,92469819.62039998,61
-110577288.90880798,697034378.850059,0.23922524522070207,-1.6074624938147666,705750849.8906039,648373442.1978993,0.1,3.575931173149642e+18,0.7564102564102563,0.1645426790475328,-10037387.75832854,60
-99452809.63193733,505707242.9663577,0.3261409396256471,-0.8282890911502725,515393710.6060968,421907153.9483558,0.1,1.4413548685561682e+18,0.8027777777777777,0.2105804734595996,51939372.04258464,58
67080014.26815501,220186016.7149967,-0.3985827317550911,-0.7597592839839296,230177345.26019862,186538209.4017847,0.1,2.6766336396427126e+17,0.7944444444444444,0.052411006289203366,239441158.60800764,75
85274703.3006,87412595.99601027,-1.3743357042096402,1.8555340281143051,122117717.64067273,62176972.99193601,0.1,4.043089768292197e+16,0.8272727272727273,0.1594296537935261,123341480.57970001,77
-52740585.03013733,53477776.1928606,0.9874225130569781,1.8095552616647712,75109532.39006907,40801914.143695705,0.1,1.9314754589510012e+16,0.7583333333333334,0.18714472514112748,-41735161.3204,80
-176881028.85786667,253790172.90485224,0.6541087708360174,0.12710161565131983,309348266.89815515,199225533.6261789,0.1,5.099725741590482e+17,0.8151515151515152,0.032917516640000644,146562698.46487498,72
-14673132.048783334,8186666.151447472,2.8099640869196554,9.243280820736286,16802449.428469896,5130377.729552,0.1,675436561558025.4,0.974074074074074,0.5093636256693316,-12271868.242499998,76
-128541646.246531,118754789.96839087,1.2952495401012991,1.8491678534290292,175001871.30486616,90855816.7030807,0.1,4.854495229383487e+16,0.8181818181818183,0.14589579536012998,-55209069.240966655,73
37263297.087142006,57187344.939734615,-1.171686702083136,0.11273418484135966,68256470.25052494,45749017.92092529,0.1,1.898078734316608e+16,0.6595238095238096,0.13224470549522685,54973312.693320006,99
-22448870.325056005,118292947.11112617,-0.14194028889035193,-0.9400141180835329,120404207.21514209,97989988.2830289,0.1,1.8805579971351005e+17,0.6547619047619048,0.09726999150388331,9726223.749119999,89
-63828699.601433665,186167412.43575674,0.6003128300852235,-0.6024058208480603,196805508.93162316,153441168.5380105,0.1,2.327011191089837e+17,0.7999999999999999,0.11891767800211266,92357209.960175,71
94769634.35555267,172025173.07844153,-0.92636382444031,1.957893768455305,196402504.48645738,126585872.94268093,0.1,1.6917729057193312e+17,0.8242424242424243,0.05521474896451092,217241264.1359167,71
26947453.590364665,35633424.550862655,-1.5002200917842328,2.943602447666941,44675566.031410046,25211401.58427841,0.30000000000000004,1.4177595523808754e+16,0.8545454545454546,0.24588439727394906,44693656.51595,76
89109030.428632,205307398.58334628,-0.5823699866861767,0.43035711015139455,223811409.93477497,159798640.18790722,0.1,3.981328549471997e+17,0.8,0.15175738212786566,229505413.41939998,71
60135695.57524067,38474946.64295825,-2.513698400637025,5.501842510740856,71390639.4529178,23634439.496934254,0.1,1.2880999409969946e+16,0.7972222222222222,0.20478459022851725,68877800.7956,71
13323493.351182004,92661782.79298264,-0.08443137913332872,-0.994562962247282,93614750.25578439,79056669.30168638,0.1,9.608972329219013e+16,0.6466666666666666,0.04181086160494839,69699096.96277499,91
-46368346.55274967,76806853.7794951,0.8107545128566921,0.25083730430120044,89717982.30868009,60258409.79745303,0.1,4.515894873481518e+16,0.7358974358974358,0.11727791411312076,-2136458.2731571407,78
7548205.7737816665,61815823.196739934,-0.13837992725200693,2.0009043596894722,62274966.14125103,44663345.502224594,1.3,3.535422170261753e+16,0.7749999999999999,0.1440968038815882,67927795.60991539,77
-14188839.63658,9791865.193786893,1.4337845604511894,6.532199788103318,17239599.595288716,6357550.605079734,0.4,1879884966791702.5,0.8272727272727273,0.13395173397151725,-8346520.693324999,73
-65094321.192438,116183319.66388476,0.41130324710222826,0.08884589861261105,133175952.85795672,93212086.45589446,0.2,1.6861587765569184e+17,0.7256410256410256,0.16954128466478502,40682001.288828574,74
-58793387.69732567,83189578.51508506,0.6514922289906175,1.0805257370722172,101868387.68943752,63991884.09560783,1.3,3.2456559887066516e+16,0.775,0.07216878364870323,11423666.1993,77
-28958333.609001998,103615160.53939955,0.20578978516590188,-1.0241707165226726,107585717.35604961,89823299.33948392,0.1,1.3740448841710645e+17,0.7722222222222223,0.07556372504853026,26010274.672961537,79
-105680141.90203501,175895831.5101048,0.6569247162427287,-0.15849844672562075,205201452.07835504,144675719.7916677,1.3,2.138883251028522e+17,0.7939393939393941,0.04674923824406521,98223621.977,74
-13568783.914830005,127447503.03691293,0.07768247371017026,-0.8059144012336072,128167772.57669449,107459798.04807293,0.1,8.821408296430336e+16,0.7787878787878788,0.07948410332487275,80983085.36930834,77
-53459731.475118004,156807973.51697317,0.3022619698218951,-0.2372932232728413,165670406.07148728,125674374.0068525,1.3,2.5286347868898054e+17,0.7805555555555556,0.028733556757746137,140971066.6345615,77
69697104.30907732,42073195.36657523,-2.246075304786508,7.738890611386646,81411547.81371261,28340812.093557477,0.1,1.4253004196294978e+16,0.8848484848484849,0.21666136886932705,103139137.56533335,75
22281033.224824004,72128092.8772674,-0.5724926544259497,-0.6190282034947536,75491100.29452096,58546606.427361555,0.1,6.4206175195651544e+16,0.7555555555555556,0.11493422703098446,57947523.91823077,80
-2686812.961353998,98284955.42779036,0.2576656259614009,-0.9653960522646448,98321673.23297563,84645867.4449508,0.2,6.1136578776651224e+16,0.7138888888888889,0.13502971780818487,29027159.19332308,75
20722311.759265665,44720411.11124303,-0.6920017911742253,0.722217001294911,49288227.54580235,33627621.385504395,0.4,2.243800789077825e+16,0.7,0.17089865185644154,49186159.460666664,94
-20757190.554187004,42312139.685101494,0.6846932108370529,-0.5328164940630908,47129376.4486055,35767042.193415016,0.1,1.0854373390074398e+16,0.7277777777777777,0.08370288429621872,-4681369.9669615375,80
16662749.985911665,43084509.47759448,-0.49479362640691593,-0.021417538566994132,46194395.69923962,35432344.92913873,0.1,1.9427821380320116e+16,0.7307692307692306,0.20608750048625765,43481004.18535001,80
-34287198.419525996,36376660.323028386,0.47456269487705527,1.626704320496481,49988732.647637054,27256578.21858704,0.4,7773237909585586.0,0.8484848484848485,0.14589579536012998,-6050029.218049999,69
-29085867.546258,19842695.814509567,1.3484228801034028,3.406990503078081,35209661.57329007,14850288.037703482,0.2,2350193568511399.0,0.7512820512820512,0.1786058950489026,-14958632.956821429,70
-15165773.262535999,132486511.38947834,0.2799877230399156,-0.8221251030157881,133351701.82193038,112262479.99103396,0.4,1.6073294285669744e+17,0.8866666666666667,0.17397317800933185,104802937.30148181,70
13549832.978636669,17627551.87805239,-0.5573370068055639,2.0352838214432714,22233500.825609494,12685767.228024555,0.1,3108049475988184.0,0.7888888888888889,0.2671292284482513,21110049.47080769,71
-11737048.412759997,36534027.25882328,0.6664491727643926,-1.2572780104637236,38373082.40410085,32715164.182707597,0.1,1.121216896727063e+16,0.9133333333333334,0.3048496897379647,-2499522.202799998,76
40558219.80100001,136647816.83586898,-0.08451148057845022,-0.45486253435323487,142539801.59743252,111559004.99739334,0.2,1.2489635079281475e+17,0.9703703703703704,0.19080365736875937,159833388.14749998,72
-72392484.97391266,191149108.45719698,0.762198664524704,-0.09829587930624806,204398271.87302592,148557463.7115105,0.1,1.3081662404993091e+17,0.8212121212121212,0.1401822243178228,53251451.06868333,71
35779656.632406995,136744410.76089266,-0.6856747893974111,-0.8726285548957176,141347860.6243359,113679458.11533104,0.1,3.263984894355906e+17,0.7,0.2884000748519375,85273029.11741999,117
145463446.73475835,180787013.77070627,-1.6576802607571606,1.813927150139972,232042148.50773427,122879256.03236257,0.1,1.0640426518300344e+17,0.6266666666666665,0.0573488351136175,166166614.53843752,98
-78641521.88561465,439499476.7454965,0.1635700111640122,-0.7842318606696308,446479875.273288,364689057.3134008,0.1,2.261864178047043e+18,0.6897435897435896,0.06965680875490321,225439071.43434283,92
-18902440.12281901,385860497.9127941,0.08814153806806568,-0.6320921617338575,386323214.53946584,315573677.5109255,0.1,1.294504342133127e+18,0.6976190476190476,0.13121186412814148,201113931.92586002,81
-75370606.86152801,371997788.20213246,0.2561643269421953,-1.5687015026708477,379556429.01412386,350381819.3647036,0.1,1.5984804630282125e+18,0.7025641025641025,0.10738662354549708,68556564.34440002,81
38173518.66154602,336800478.9216823,-0.14472810663524452,-1.1726026364952553,338956900.1051284,288955973.18552184,0.1,1.1346559078779405e+18,0.6794871794871794,0.08426500884694867,154380484.02848572,87
-49913425.769246995,18097603.937608786,3.2571305579746075,26.601566459339594,53093063.014905095,8951179.23470364,0.1,277408642850615.97,0.6309523809523808,0.04265826873135455,-46244627.43282,91
159433959.522975,168193511.29781982,-0.8637588296174673,2.909245613560932,231750393.07812074,116855829.64313616,0.2,8.78777545414675e+16,0.8121212121212121,0.17248787237282073,308390865.225625,77
-57255408.52218999,204913657.13443214,0.3780101101003951,-0.6163721686980752,212762282.1019987,170869563.42319226,0.2,3.6393986645348634e+17,0.8633333333333333,0.23115651263447745,58983346.36772728,70
-72962168.28006066,238638797.85024646,0.448896542955351,-0.7872612636900977,249543490.8779203,203032933.55748188,0.2,6.348972621144852e+17,0.7153846153846154,0.06870646670243215,35828467.822150014,82
-40708609.11922132,120754714.10239752,0.43955067725846764,-0.33379418685765083,127431910.58119357,98948646.48657443,0.1,5.4703412067922616e+16,0.7694444444444444,0.12282050538574528,-21480039.947076924,80
-47720263.617599994,643029329.0833856,0.14727900482979936,-1.214417529888989,644797597.4064747,564802758.972194,0.1,5.009280103590743e+18,0.7102564102564103,0.086117208326906,278663000.88839287,90
273210123.78824204,609507926.5431734,-0.36343743389864586,-0.16472248389511623,667939880.7223185,483115624.94472003,0.30000000000000004,4.1564961181999995e+18,0.7461538461538463,0.10088366960464619,833120761.5268285,73
66950758.32301699,312040323.8750525,-0.0957007049608386,-0.7028124750402602,319141924.17179334,263793798.68443745,0.2,9.298950618072416e+17,0.763888888888889,0.17021681888726142,169237243.73951536,73
69791406.48115535,44175243.23631981,-2.243651083983374,4.758770300566081,82597170.25180627,32235417.14689262,0.1,4709645738546932.0,0.7090909090909091,0.08999540851465151,85832765.81366666,83
79587724.74733001,164830296.54391515,-0.4561740511398457,-0.1749628574465718,183038882.72498763,133924844.44049042,0.2,8.627383873863982e+16,0.7461538461538463,0.17272994659589017,105289341.94371429,88
-252374609.37133932,648681487.5223311,0.7367254953072514,-1.0043820424835648,696046417.7836996,564605411.1633476,0.1,2.475666043932589e+18,0.6952380952380952,0.11258657540511326,-103496414.90454003,80
-54213698.30578065,139516724.3346836,0.699337474711262,1.220828760282001,149679796.40910226,103140085.80007237,0.1,9.728596159556446e+16,0.7025641025641025,0.20567235518108185,-18504903.39389286,90
-211541321.02787468,191061164.2300639,0.30057526900740644,2.1423900040434214,285051046.2692003,149799699.70401594,0.2,3.611173882936129e+17,0.7256410256410255,0.16337981868793838,-99112063.66388573,90
17379655.643546,25164852.122338258,-0.9773813152079581,0.47512049914206367,30583037.988849185,20510758.5591868,0.1,5451054356254142.0,0.8636363636363636,0.24306732885036939,21355408.998775,76
-5097252.949544004,87363378.27799433,-0.1298179596341473,-0.7542455831031512,87511952.62234506,73182890.91475655,0.1,5.362461578760486e+16,0.7051282051282052,0.13514547644209682,38797651.445,85
-28046108.037262,210536890.92345458,0.06709129938639727,-1.1390196293925794,212396719.8799275,180078169.6471411,0.1,4.6142491995370374e+17,0.7179487179487178,0.10671103613684522,51345321.037800014,87
87530228.87568,95059630.06077738,-1.5526865675352568,2.172975713029925,129220254.7370991,64826831.168380804,0.1,9284881984350582.0,0.741025641025641,0.08387398581433914,107657235.68708573,75
46993519.796472006,187841254.847826,-0.743493807743484,-1.2588686139592882,193630389.9848041,170868170.14951056,0.1,2.5591416238971133e+17,0.7205128205128204,0.18560985713696265,87394314.771,88
69811872.762346,122580705.6401061,-0.7903454518089476,0.7496721882957424,141066392.077675,92951571.53115322,0.2,3.598682931671532e+16,0.6619047619047619,0.10605265453009569,114134979.38985999,96
44953136.13717865,542980924.3237762,-0.2380435081167178,-1.0184915715145182,544838571.1640377,465549932.63312197,0.1,1.789469123920885e+18,0.6380952380952382,0.05471012044321931,316855803.3824,94
-25166123.51355269,693488060.5501554,0.10014499485963885,-0.6542271132122339,693944539.497441,563988747.017902,1.4000000000000001,4.1452228078902676e+18,0.6976190476190477,0.05112121560377118,636463770.5941666,86
33960697.09231033,577503200.6638023,-0.08318668190203472,-1.2123021026653158,578500886.5368587,510004620.60954875,0.1,2.1812100375963139e+18,0.7051282051282051,0.017764623667373098,416489729.6764144,85
227898787.743706,611008391.297823,-0.09635315464245015,-0.31487194082216163,652126607.1027958,504101704.91690654,1.4000000000000001,4.0198164841361787e+18,0.723076923076923,0.04005256244054696,976795823.9853858,83
68683067.49699493,483281897.6923886,-0.3905835764287593,-1.1214584932826144,488138050.5532765,420881223.329236,0.1,1.2668340324528187e+18,0.7333333333333333,0.027216552697590896,338969026.2597692,82
-191155470.52311337,670376581.8722897,0.23239138175588284,-0.6272970771126105,697097679.9801356,559495106.578943,1.4000000000000001,3.0930471417393777e+18,0.7333333333333333,0.018490006540840997,571664993.5996429,81
-386954297.9019834,343437931.8461105,1.0772246240864716,2.7790796827124673,517381137.7461982,254378855.28131205,0.1,1.311082050880594e+18,0.7230769230769231,0.030338870682562163,-81378191.64803569,83
24733107.663305003,673702014.0741416,-0.02065568161855271,-0.7360928625221668,674155865.0506866,555753107.9070538,0.1,3.1201051101185674e+18,0.7128205128205127,0.020830867704194764,635050594.5790142,83
-272057658.6944249,852843714.7984947,0.17174780262520847,-0.7316499972215711,895185886.5764073,702191553.1041331,1.4000000000000001,7.049432975643359e+18,0.6974358974358974,0.02432521277052599,732263256.9061072,85
300392949.01283234,544341257.0750735,-0.3699997703727113,-0.19147765652335913,621726087.5745021,438793496.1622111,0.1,2.1438843924027832e+18,0.723076923076923,0.027377123723157218,883211362.3763999,82
157483726.8292093,567438325.6109879,-0.14633399061977745,-0.71736339212885,588886557.4864302,469183452.0529659,0.1,2.6848945151012603e+18,0.7128205128205127,0.024594007811860094,714990879.8764858,83
5217942.782282702,320085313.8454322,-0.679351496791834,-0.5145501358507785,320127841.7545216,266335872.73423132,0.1,3.2711106829093146e+17,0.6666666666666664,0.045425676257949785,173978117.21481335,90
-29733489.037049014,196950892.19377297,0.34609438277148535,-1.0361225940107317,199182665.6771103,167033354.22077802,0.1,1.0880347103458725e+17,0.7205128205128204,0.12162606385262999,33090106.71420001,84
48395207.70986667,28724127.426113337,-2.9236248108155767,8.539956095054029,56277629.886774145,16112599.388727108,0.30000000000000004,1.9603632401157564e+16,0.8363636363636363,0.2705977466570403,59937946.34166667,85
1164145.7280693336,11731943.183702286,-1.4074723357459649,6.935453813878917,11789560.048695652,5980910.640688106,0.30000000000000004,3446794123330920.0,0.7230769230769228,0.2619403649050694,6743194.1158,86
-61397162.631758995,271734183.96299285,0.5130884123638126,-0.8925342263883147,278584059.6898256,228596521.69727123,0.1,6.029075823859729e+17,0.6761904761904761,0.040685732120559676,93289988.00928001,89
-145004699.30162665,171502167.25028116,0.8825416925445696,1.0487913871435044,224587079.30577523,129884478.81909299,0.1,2.330979366455901e+17,0.7051282051282051,0.05366269111911885,-31232090.819800008,88
-183733743.32166368,117534197.62410454,1.913928014602603,3.6165317016860676,218110926.01273566,84405615.78086281,0.1,5.432399509894854e+16,0.6923076923076923,0.072975638311578,-123433656.51467143,85
-76678658.18787,403341718.72066605,0.16039972934299981,-0.7049052608319366,410565656.9685695,336579353.2260761,1.5,1.612058947241069e+18,0.669047619047619,0.023449661432847862,378902381.25887334,89
108565675.60810798,175799197.97624415,-0.8274047097245322,0.7679589881859776,206620095.65706724,134746180.43050593,0.1,2.178531051053761e+17,0.6533333333333331,0.0361068373539376,196590938.592825,90
6726106.910133337,231649335.98026085,-0.15934945592988523,-1.396320897758079,231746964.11013094,206294082.6245989,0.1,2.981739023557009e+17,0.6666666666666666,0.03563483225498991,83358123.39516665,89
-117882824.64691201,275804502.3590774,0.32127951057339066,-0.14799647965298313,299940800.60617447,221435331.78312576,0.1,7.27510122300353e+17,0.7128205128205127,0.06207035095851387,145667223.35725713,89
50012393.13319668,403240102.4144173,-0.04473594625352127,-0.6935296831036584,406329693.3059399,328879655.80145526,1.5,1.1199248371484303e+18,0.6948717948717948,0.025641025641025637,507342342.4041286,86
-65467770.98144999,249489187.38442457,0.12066715014461729,-0.8551415728129697,257935813.0601877,212822993.27888066,0.1,6.822865903426862e+17,0.7128205128205127,0.03343180720616745,120455515.2851,87
26381681.25745965,231135129.42183876,-0.24308327008379188,-1.371357814780842,232635855.27347317,208919956.32257873,0.1,3.35634536372152e+17,0.6820512820512821,0.024859896704699114,132368911.41692142,87
-208405603.09989196,290947729.17204523,0.7156719253520863,-0.1937406371004453,357887519.3602027,234182324.8923391,0.1,4.2521004831048954e+17,0.6714285714285715,0.011664236870396083,32357654.92168,89
26266955.749495998,28159770.26527435,-2.03320936689978,3.1648925728538195,38508773.360612385,18256084.20006187,0.2,1.6494949777488548e+16,0.6642857142857143,0.15454196826315023,33260486.935200002,102
54637340.504028,24397523.93701366,-3.691037922057715,14.557414009652902,59837096.78460556,13970900.945105042,0.1,725972293084911.5,0.6133333333333333,0.046825127790456604,63098001.640725,97
59562594.115101345,21554171.771408133,-4.443335091341612,21.165610716115275,63342599.713555105,10170372.812381186,0.0,422374840234415.25,0.7027777777777778,0.025306759942067512,69064077.39493845,84
-52219726.34707199,418587152.622024,0.30215387803126675,-1.1730566340506574,421831843.46369195,365773218.81736577,1.3,1.6912596845058028e+18,0.7487179487179488,0.021144131413423948,565343147.3101714,80
-23982334.346431974,280798155.3126462,-0.017351274289039396,-0.9074531771795247,281820432.8782586,229806399.07709494,1.3,6.645781535641588e+17,0.75,0.07136240321480629,287009671.67653847,80
-46497109.18223734,409928305.3151922,0.3097818580278529,-1.2272908308153871,412556901.1189733,362749407.0490353,1.3,1.7685179146278725e+18,0.763888888888889,0.02530675994206753,610634582.0329692,78
-90503223.68841967,351608532.6976363,0.35113006228704957,-1.0018422355421814,363069406.26246786,305049661.94695514,1.4000000000000001,1.218426242804934e+18,0.7435897435897435,0.024053414152940704,453356378.0305214,80
-67793988.85303332,386270335.84841275,0.26887358446267806,-1.0954612598664728,392174447.5116281,334287408.37470376,1.4000000000000001,1.459860547084123e+18,0.7333333333333333,0.0,545292061.3032308,82
-47873763.247678325,239600914.05742118,0.13032909085803784,-0.8203926828958119,244336847.86508662,200788920.49617714,1.4000000000000001,4.498542632534022e+17,0.7071428571428571,0.04212334764989079,253644575.45483333,82
-96085107.544431,381298235.249854,0.20475929163361511,-1.173264456916944,393218377.10930794,332091136.8509467,1.4000000000000001,1.5734289627855875e+18,0.7076923076923076,0.026646935501059663,499920880.9383643,85
-94593838.222224,242650993.52420363,0.26539203812168255,-0.6335797940672512,260437130.39406535,201553924.8474115,1.4000000000000001,6.086703125297078e+17,0.723076923076923,0.033036150581346506,226577130.68989286,83
-86897849.45879334,257006511.3030117,0.45478722082119266,-0.6721478311704723,271299802.97211456,216997239.5403502,1.4000000000000001,5.4387738524402566e+17,0.6974358974358974,0.02432521277052599,262900388.9752,86
-90484055.44261935,261394536.66106603,0.3130093324997248,-0.7033501988091624,276612487.2192078,219893140.95248562,1.4000000000000001,7.78443675455114e+17,0.7277777777777777,0.026643508462848464,288084266.0903231,82
-43781836.076271996,142237812.4647982,-0.09879482814418047,-0.5369499709456109,148823534.64751688,114610877.03925776,0.2,2.3597626984336653e+17,0.7138888888888889,0.03716413377849906,79472499.8726077,84
72616732.874221,458367707.8216387,-0.5304423737723055,-0.9301567473103041,464084200.83750874,386139913.28982574,0.1,8.466691626905998e+17,0.7472222222222222,0.16012630045924822,401195541.250723,87
33430143.117384,32035871.667644322,-1.955002554937846,2.256580971713019,46301960.45908373,23277136.948030505,0.1,6179413847223071.0,0.7999999999999999,0.33802257211502795,42155195.6072,87
4524091.025160001,12865319.120640345,-1.4908110044313063,3.4501214366734363,13637589.071380883,8324415.923844,0.2,3402060186175643.5,0.7888888888888888,0.2664350846284845,13644713.290153844,85
129774177.79116267,149527337.9947731,-1.5443086611701178,1.6117791909227979,197989297.76423627,106678007.23325425,0.2,3.857702022141626e+17,0.6066666666666666,0.05192587309132411,166489935.410425,100
8582967.550165,19258545.39780062,-1.2879248761766335,0.9478644756822736,21084565.51144303,14444480.575623333,0.5,6867363898497567.0,0.9499999999999998,0.5856145869464358,19586530.473845452,88
9747435.134823002,25289202.19665237,-1.1441763584365494,-0.023226116490512982,27102698.01054406,20518001.640763287,0.1,9874853563838938.0,0.8733333333333333,0.6075085733277076,21949455.52004545,86
-22264184.542815004,602722339.2297932,-0.25405536713811194,-0.6127651354591435,603133411.5434084,485576358.0686093,0.1,4.79479407240764e+18,0.7179487179487178,0.18793315078778147,257297337.42015007,88
37225337.68294871,366027211.6395842,-0.10447201362981022,-0.7882018435412506,367915269.35730535,306789178.9430175,0.1,8.042903178360774e+17,0.6761904761904762,0.0694977119967925,142363415.01501334,91
56968095.553772025,342461748.0909561,-0.18163292046515828,-0.372314928933279,347167701.2864779,277632538.4877987,0.1,3.4019200045311725e+17,0.7025641025641025,0.02432521277052599,247922195.15115,85
130357615.76531464,572980954.8709549,-0.31947625155999837,-0.9526783065027558,587622568.17863,498636937.5676184,0.1,2.794865801651466e+18,0.7025641025641025,0.015806189751202498,528941377.7577143,84
-23426161.074981995,487677030.8868321,-0.13026731909756892,-1.1944798334568314,488239358.7957727,423796531.88568085,0.1,1.1488440840110797e+18,0.6857142857142856,0.027355060221609655,204679086.52544004,87
236704770.585129,414588992.94501776,-1.313851221981636,0.5778441514374548,477402536.1148834,302385967.6126982,0.1,6.908118020826353e+17,0.6714285714285714,0.030491067797299272,383633431.6341601,89
49808413.60674667,565214154.9943856,-0.23136397800407435,-1.1098060291645564,567404546.2208054,499010871.5899403,0.1,2.231497068137102e+18,0.6595238095238095,0.018595832561682506,320957761.5197333,90
-76476572.58817068,547229556.7567558,0.16037553738431504,-0.8223845810986337,552547603.3275588,444766582.7900359,0.1,1.6814637081289464e+18,0.6476190476190474,0.034992710611188256,171693597.05042663,92
-126968337.72468066,466139985.50993156,0.44937935553166036,-1.1324309447192569,483122598.1836989,404923291.81059074,0.1,1.1288961512451941e+18,0.6857142857142857,0.027355060221609655,26699364.597793363,88
100787255.71988264,392436153.029751,-0.31093502273569873,-0.64200234296184,405171821.72546893,327892772.60815465,0.1,1.301871384405133e+18,0.7153846153846153,0.024859896704699135,377384934.5213285,85
-85548671.67812665,305834910.54365337,0.24542667695078726,-1.0656060772298106,317574507.37289405,264136987.94842243,0.1,1.276332122128481e+18,0.6923076923076923,0.039557047744978244,15666708.559885707,87
-14487995.324285368,446593399.61403996,0.2607711691184257,-1.0550701320819087,446828341.2982463,388149244.136483,0.1,2.646491157752047e+18,0.6833333333333332,0.04130797993547019,213507102.77547997,85
-596833574.9745746,825818864.8271815,1.3848589461651708,1.1468939733688561,1018914674.4067365,595145736.8217918,0.1,4.285348590048318e+18,0.7666666666666666,0.08713548411865625,-332245822.7126154,76
246998121.92249602,543632169.9136215,-0.6742956504985346,-0.3925069815811475,597113061.6543511,439281450.8926685,0.1,2.599865188249875e+18,0.7461538461538461,0.19283687873808375,361801562.5710572,83
-235615556.16863367,449224754.67288977,1.0615759632107067,0.13836276565915995,507264793.2979112,346127958.8560671,0.1,2.605456375603604e+18,0.8727272727272729,0.2977417299288879,-172450893.97479165,77
185938300.80930337,412660791.6106798,-0.8123898899854444,-0.029937938679801324,452616814.3591264,335431116.584354,0.1,1.3774309729283456e+18,0.8566666666666667,0.3409301003627186,294393859.0925455,80
14196463.528439995,84254008.17044392,-0.6474823165304868,-1.295879491182894,85441661.20517297,77717777.6542768,0.1,8.566596323573598e+16,0.8575757575757575,0.19954033494732518,26078170.120125,71
48539199.726436675,300673811.55779153,-0.12874321504070202,-0.28921432996490903,304566568.8593764,232237219.13558954,0.1,1.2687201306862848e+18,0.7805555555555556,0.3215870175808458,171736533.32603842,81
-139762646.287792,611566565.1208218,0.29808500661735526,-1.2070641539582498,627333452.6956513,536543587.1405326,0.1,2.5139546823019494e+18,0.6452380952380953,0.12885770597842675,69659827.29018001,75
-10492619.363162994,423120043.99013,-0.14961313504483373,-1.3163445528005777,423250123.08008814,369474007.0493,0.1,8.182252972495322e+17,0.7777777777777778,0.07973722274670739,105225347.93736921,78
25749909.524424672,191431740.78355774,-0.2008522849662696,-0.39143608219323056,193155815.91021097,150136897.5615242,0.1,3.949788525918953e+17,0.775,0.17433736982792447,77927637.79622307,76
-140016546.46732497,439616869.9407438,0.6394103147475998,-0.6568769063526183,461375796.5272273,360584965.88474554,0.2,2.487922575859967e+18,0.7435897435897437,0.12221923372115884,2746161.878785712,78
-259493578.36491334,533593217.4876425,0.7533810672841184,-0.15298471819961312,593345294.8843884,425741644.76580715,0.30000000000000004,1.931011289621335e+18,0.7472222222222222,0.06591005843169266,87808036.58446154,81
138102200.95192668,129372450.34454705,-1.687239445037223,3.8824803948763043,189233846.9088409,87419107.46640752,0.30000000000000004,7.377641304086278e+16,0.8083333333333332,0.292854723180093,216686690.8410769,79
-71641951.4616,217283135.65275255,-0.25223011499572157,-0.12174843428897653,228789270.3959666,176519602.386608,0.1,1.9616971870973773e+17,0.7472222222222222,0.096665070229474,49688903.699999996,81
63215097.809094,25095758.957459487,-3.94794921692114,17.549141404944706,68014305.17666286,13054930.45857764,0.1,921783370585617.8,0.7111111111111111,0.07856742013183864,76317052.55210768,87
8364513.0792813115,208830197.94467455,0.09039676893550971,-0.8990204119612626,208997647.48117486,177706371.63358122,0.1,4.139802208294791e+17,0.7722222222222223,0.15801625170364325,116658849.99881539,80
69033902.18544,126412370.91029243,-0.9569510080691088,0.2915263083668336,144033909.79248688,98986523.6559936,0.1,2.5023108245522534e+17,0.8757575757575758,0.2188541828517308,141437199.474,76
-39417402.18107799,105379371.29293792,0.34031609425671483,-1.0931752803962416,112510192.82180491,94683408.782155,0.1,9.672944884143238e+16,0.8606060606060606,0.23733289999031848,4702721.407058333,67
-88479977.14673333,62352053.797083855,2.0754160122695695,4.912201377889386,108242713.23558411,41494985.84019556,0.30000000000000004,8.208109036937654e+16,0.6952380952380952,0.1694328273776876,-46863251.03533334,76
-19824404.742388997,131804772.60139829,0.16196423139498436,0.04142040488058818,133287302.86076154,104244260.30451536,0.30000000000000004,2.0643720011380445e+17,0.7972222222222222,0.23470167562931862,79872470.2800154,71
-16855146.01546267,69013365.42103077,-0.04706191562164499,-0.43478418466830915,71041822.56909865,52488396.48030036,0.1,3.83909518529978e+16,0.7777777777777777,0.21914536581462246,8673923.796523072,68
-23612942.40677334,139022793.9824274,0.18202135587095614,0.5552844465422129,141013858.52385592,100971540.78489965,0.2,1.005289041579983e+17,0.7777777777777778,0.19969111950679364,32550837.921153847,80
45433641.260291986,336708095.96518147,-0.14868313788387733,-0.22232016222144013,339759558.5802801,265834481.70667085,1.2000000000000002,8.5512905770463e+17,0.7777777777777777,0.05328701692569691,526127786.7994384,76
53533718.976532005,206774658.0355382,-0.3519889935780867,0.4140636062993437,213592177.46249992,162377180.26917526,1.4000000000000001,1.6350226622982634e+17,0.7025641025641026,0.053046566321992845,227696126.87050715,79
28354254.74028,23415156.50592747,-2.477992405925028,6.700002049495817,36772725.165178716,13578004.340140799,0.4,1.1488539287048106e+16,0.8400000000000001,0.30724582991474436,39453229.64863636,77
16688309.564987665,264594602.24218836,0.13738141146638058,-0.42373736425118125,265120356.087266,213581371.73085114,1.3,4.106374403889676e+17,0.7972222222222224,0.028733556757746102,346986700.4261,78
34208583.99153434,43623997.98440665,-1.5636378072016395,0.9321790816081297,55437175.42271949,32330305.65144329,0.1,5682349359622682.0,0.8757575757575757,0.33757630161536056,39109343.67934167,76
-63181929.214494996,103614689.32213825,1.4439437515173161,0.9154612992623195,121358806.94283663,76615183.40334126,0.1,2.1486761945380668e+16,0.7805555555555554,0.18878673708384663,-9660657.3642,83
-803517.3462050025,107950983.89282174,-0.7156030823332608,0.5741699739962507,107953974.28327459,82112247.96386157,0.1,8.412388252695117e+16,0.7230769230769231,0.18087376501075283,61774253.95767858,82
-28751259.129802,32830579.753215175,1.6116521489595654,4.3376607137538885,43640369.71063885,20336254.66295649,0.2,2487786902768595.5,0.9433333333333334,0.3890301330802595,-14929561.028099997,73
31540181.58135667,110003114.87870555,-0.27344514839344214,-0.5616715519487068,114435433.04939534,91069130.88976526,0.1,1.6135572574897677e+17,0.7358974358974357,0.07894771445302902,84921973.18157141,73
55870983.97179999,127962684.5052706,-0.49732551373703426,0.01969634801740039,139628132.8234842,102579992.58491068,0.5,1.1431416049788698e+17,0.8121212121212121,0.18327697606105992,158203109.68256667,80
-23456601.327836,21262721.41650477,1.2539743867364446,1.9490096037649822,31659366.195313007,15350140.44003523,0.1,6440361008375515.0,0.9333333333333331,0.40734006177385246,-8825209.628880002,78
-91339939.10534966,146494455.8114887,1.187835589310137,0.7360439546018718,172637220.95560157,109389988.60767943,0.1,1.4228929901051405e+17,0.7153846153846154,0.11592466210725454,-70250074.7211,83
40975618.17495434,36628675.110532254,-1.9310891965337267,2.949207229900339,54960541.52910589,25051392.887062788,0.1,4870838919866975.0,0.8575757575757578,0.2947660976801738,43102056.76190833,79
190233477.2553587,238180576.25832337,-1.1783384702714148,0.49228710238277174,304825790.86326027,189377858.9447008,0.1,3.702412263671338e+17,0.8696969696969696,0.2952330171834812,335954066.5954667,78
-74634594.521556,30431360.263079256,2.8469346165858243,14.647986543516044,80600188.5038639,15869416.559066722,0.1,260294323225037.8,0.8545454545454546,0.3213836020257661,-57877367.07174999,76
-9604946.481152,5258635.3811069485,2.901823333916244,8.629600384924021,10950262.23326291,2693150.62669312,0.30000000000000004,690517122722454.2,0.7277777777777777,0.35922584800727125,-7065569.28,86
-12789283.620753998,4940113.352351272,3.668160905987603,17.908330007850576,13710233.238941118,2835377.9144066805,0.2,70513072405298.94,0.8181818181818182,0.2900239057940703,-9567925.061116666,76
-21800390.398202002,43119653.33238091,0.5585885302723227,0.3349247913692963,48317300.47321276,32409048.690493926,0.30000000000000004,1.190544853801843e+16,0.676923076923077,0.24438466784500215,-9406102.91415,81
1548443.0427866618,142030652.77559486,0.1526509840556261,-0.6733633568329078,142039093.22337404,114730835.64852387,0.1,2.4742777690454317e+17,0.6642857142857143,0.0750283393170892,40243401.23829999,93
37968400.97265666,294552821.5504576,-0.26973494074635146,-0.6927686937720852,296989838.4722214,243797948.37473825,1.4000000000000001,6.91768802317058e+17,0.7102564102564103,0.11794871794871797,320217965.90805715,81
-90238541.78180803,238993422.15800136,0.5198923038628203,-0.9046873320255613,255462032.9084143,208710296.4370084,0.1,3.2234375545543334e+17,0.6952380952380952,0.10753895038701158,6627026.327973326,79
-54791193.2776587,390613220.6813896,0.27027375917362967,-0.7599607859642652,394437273.88759506,323459219.5196557,0.1,1.4148005665094572e+18,0.7277777777777777,0.05905636562630364,199022548.78493845,84
62199771.872319005,130524796.51704662,-0.3081307855633076,-0.6245659664833374,144587461.8588519,113049782.64449324,0.30000000000000004,1.8024239650698928e+17,0.7638888888888888,0.1812805955445526,110538786.64416924,83
156079499.73859102,168772982.30510703,-1.616208899048972,2.395717121312316,229880685.99777755,116664909.15006018,0.1,3.401802051583542e+17,0.7512820512820514,0.11592466210725455,274145520.35129994,87
218520158.25280336,328234624.1955424,-0.7833541757114696,0.47520469280325317,394320970.8899834,249679934.85381877,0.2,9.039761325418879e+17,0.694871794871795,0.06517058988276327,494426600.2789286,87
-174251998.57583266,368546719.9148574,1.0050183387429958,-0.25859624806376047,407664621.6777614,303053385.1053982,0.1,7.879273533771681e+17,0.6923076923076923,0.0232189362516344,-51892160.99702142,95
44977292.464234,115969456.90830514,-0.879527853795598,-0.3144849150329967,124385979.00495252,90581070.05597883,0.1,1.0333475541210472e+17,0.7128205128205127,0.07683755930139334,84370202.11452857,88
-67548085.00082666,351410576.11938256,0.16370500293344506,-1.3615837222104825,357843732.3690821,314204466.06582165,0.1,1.1292128342007602e+18,0.7,0.05063696835418335,130183236.07379289,85
-110120763.70813599,122343675.87514849,0.3673101549124414,0.7339082033975637,164604245.4686589,95926351.13213632,0.2,5.221510724639666e+16,0.7538461538461539,0.19150258820346505,-45176659.0493143,82
-11485610.634646663,93450952.31239633,-0.367667071042494,2.136102639952269,94154127.57677956,62323032.98671703,0.5,1.3130242910977008e+16,0.669047619047619,0.09715336077668174,40740036.80304,85
-2825687.1503800075,250620580.46177354,0.04665145249259078,-0.9445689622624909,250636509.4292293,204455217.55007225,0.1,2.3867122549831808e+17,0.7666666666666666,0.07200822998230959,92695813.13026151,81
94535009.34198333,266687087.18279162,-0.44242586437802905,-0.6223524482225282,282946762.5920657,222102392.20125997,0.1,5.0315404538757357e+17,0.7444444444444446,0.05328701692569692,270601463.3687692,85
-95406458.637308,113258749.82419547,0.7223998550291199,0.24407155640769984,148087598.27025378,95704627.29380369,0.1,7.28110804919482e+16,0.7153846153846153,0.05166523507592281,-50883510.293828554,86
7526115.290796992,230678112.38848174,-0.05196747285772856,-1.2964331768782846,230800853.43534452,198777767.30700275,0.1,1.5996485565309446e+17,1.0074074074074073,0.16538602638345265,54764237.418649994,65
-76881049.41781767,156143993.64557976,0.7512570206198069,1.2360789548231814,174044943.94028166,111013692.66815045,0.1,3.764313316619045e+16,0.7777777777777777,0.21184084405486242,-36834752.36110001,67
40907206.77674401,96484503.58340688,-0.6962307498795435,-1.2023255207128847,104798182.22665766,85724962.31693739,0.1,4.6886275618418e+16,0.8393939393939394,0.2627816168324703,57680167.63831666,67
-96168768.07088599,130857239.80352645,0.8869508605370611,-0.17514716318098955,162394732.55395165,109723699.1532753,0.1,2.936928861480552e+17,0.9566666666666667,0.12023125864580955,-42332472.881109096,65
-78590616.978304,115902842.80731112,0.9775131965576729,-0.4340017420579412,140035545.6584033,99836079.59258857,0.1,6.534478810014619e+16,0.8866666666666667,0.3789459064299283,-38522696.55709091,67
-22616457.847143333,7904534.079503448,4.643233369094054,24.97212645543718,23958001.26399618,3426060.2632150888,0.2,31573841876493.867,0.9333333333333333,0.33266599866332397,-15837432.424018182,65
-31104768.668590005,74354842.62811701,0.7513605759688723,-0.38085734058471,80598692.64559162,59856425.79026294,0.1,3.5869802898904684e+16,0.9400000000000001,0.21333333333333332,-4185217.6564363656,70
-2033027.1359920024,51974133.504910655,0.44016991601300826,-1.1133770947825188,52013880.38708472,46210532.21220234,0.1,2.6644439707516336e+16,0.7777777777777777,0.21008522667987822,12067591.67187692,73
-1676467.6619559987,93226573.16275765,0.468562545254845,-0.7819859585853668,93241645.67130178,76868284.12030075,0.1,8.396501353595954e+16,0.7999999999999999,0.36055512754639896,2609477.874369229,73
67002834.435504,121203238.33970225,-0.5713023051548441,-1.3991289846916724,138490450.23546654,110680341.66076992,0.1,9.08305612266129e+16,0.8696969696969696,0.19769098703394053,79983417.50819997,74
145822675.79301333,147516007.67436886,-1.372078588052362,1.9473168793785742,207425228.20433083,114929831.85252593,0.1,9.592978592319597e+16,0.8090909090909091,0.1596023525122872,145757516.52658334,69
-4864580.544694667,4724119.002047383,1.294321246272306,0.82348173400647,6780961.894991523,3751354.368930764,1.0,356997443006709.9,0.8939393939393938,0.21687317981918652,-1965480.340633333,61
80583641.3652,49206324.9604601,-2.644871098787677,7.050144996927083,94419201.81715989,31157446.534256,0.2,3.690981288647108e+16,1.0333333333333334,0.4207576939724776,101331461.67300001,71
2176328.087850666,41469639.7312167,-0.3151329404422393,-1.0719759850295039,41526707.350605994,35999010.55405028,0.1,1.3796790881196972e+16,1.0111111111111113,0.49814470603244215,24250519.910399996,72
14865695.440762335,175607136.97018278,0.11608641980470655,-0.3651791075333768,176235227.62433743,142551737.08996123,0.1,1.4927080127454643e+17,0.9433333333333334,0.25950808165535894,185673975.73273635,74
-239645413.83654302,374295153.463265,0.8476798792351081,-0.012781111214132945,444439856.7623937,288420261.2500895,0.1,8.02419348230708e+17,0.7282051282051284,0.1370296329834604,23937641.193792876,71
95673029.98093867,219812969.61059996,-0.40960060782629204,-0.17462720034994694,239731245.92919493,181106124.99364665,0.1,4.2727473220965677e+17,0.7555555555555555,0.10304020550550783,234207118.45558465,74
234278256.730861,455689513.6278887,-0.8072687671155274,-0.010588478654598,512385825.72830117,373430007.0272114,0.1,1.7026337159544535e+18,0.9533333333333334,0.17139946842909923,554890307.3336272,57
-27065027.45149498,459815443.52929735,0.1388874882167535,-0.7098294354497732,460611287.1163652,381387876.1426657,0.1,1.3479755995372918e+18,0.8303030303030304,0.05016044047650561,356992012.76722497,67
151992196.01401332,107822461.40020789,-1.390449352815324,2.3310844464561953,186352651.79643023,81889847.24008574,0.1,3.269364170091501e+16,0.775,0.08065128411643323,181073015.32000002,74
81930866.15322967,37810426.755115,-4.092009496277804,15.679436566814612,90234667.39575401,17149957.66042615,0.0,720512851524949.8,0.9518518518518518,0.03552467795046459,94792844.47274001,73
39162392.67400999,255777530.0295701,-0.1794425974110655,-0.6563404859098507,258758261.44875258,213126246.61060813,0.1,1.4552334745561286e+17,0.7944444444444444,0.21851067154774598,46461711.05065386,67
51569421.230250664,33266742.859738145,-2.6708679698332807,6.4803517278404215,61368407.071708865,21592798.201043624,0.1,3376112596750722.5,0.8484848484848485,0.3877840793465792,63945057.4976,64
151229990.4334153,357983814.88335526,-0.5603053818899786,-1.1931336764054346,388616677.1060286,324097602.48928684,0.1,5.798288501966582e+17,0.7194444444444444,0.14873437255808397,203724800.8327077,69
-22412303.603553332,114880283.0515008,0.3989534201626378,-0.7907510217020026,117046105.38933277,101173481.40711528,0.2,1.582798542613661e+17,1.0703703703703704,0.5188887567081545,28476966.483299993,64
-85260452.37506999,122185114.97008424,1.4000239937839924,1.2874706537470546,148991768.42850843,85198614.33258,0.1,6.854521164982009e+16,0.9166666666666666,0.2841165644981338,-37693611.444681816,63
-64693892.28457868,227931303.79822436,0.5700918387806586,-0.13199276459731513,236934545.70848697,171245029.8079091,0.1,4.78776550039582e+17,0.9166666666666666,0.3019381835188565,-54527347.913563654,69
-164959810.46739134,373783445.57598335,0.45000338358950936,-0.39635013693044385,408565543.40288144,305260400.99055845,0.0,7.824012347086163e+17,0.85,0.17143187827498388,166865512.4637091,62
-132591013.49130835,327579192.04575974,0.3112559317605037,-0.4225945216207663,353395676.1478627,267654075.5548029,0.30000000000000004,7.727985780185632e+17,0.8363636363636363,0.152059627761144,60956669.63708335,65
-76296180.400176,273728755.89190125,0.5380053625854124,-0.5361680453341497,284162873.9750924,223285287.39090464,0.1,7.564901468308928e+17,0.9266666666666667,0.0866666666666667,33317145.892799996,66
112450847.67764503,363475981.9065226,-0.9848807862203058,0.06717255893618201,380473366.4349341,280833125.4104722,0.1,7.656191920857714e+17,0.8636363636363636,0.07171005797696503,231763824.099125,68
-93718137.15340437,706998045.6867223,0.32064336021118356,-0.8087368392315821,713182533.3225353,586400241.5004863,0.1,2.2873860115399828e+18,0.8303030303030304,0.14526502805099256,450980123.3036916,65
11625226.796256667,193298388.0438983,-0.28487008982254475,0.774371437734052,193647650.94995064,148857317.20744678,0.30000000000000004,2.842186076078033e+17,0.9266666666666665,0.18844392033470095,158226338.92448184,66
12604660.307462674,235920131.74374261,-0.11735638789882405,-0.6930100101712728,236256610.53915805,198735280.10999852,0.2,8.649058864121684e+17,0.8733333333333334,0.24440403706431146,80874846.0212,63
-115565550.13224998,222865565.44340867,0.7005558490474152,-0.08817385703522751,251046722.0215788,182491572.37736365,0.1,3.1549550307905664e+17,0.8212121212121214,0.10942709142586537,-11302501.503050005,70
-84950576.65433897,440215515.46229494,0.17727043879627097,-0.5475273525722324,448337262.03343695,362663527.5877866,0.1,1.2027977537230157e+18,0.8393939393939395,0.12294219863697452,391884051.50289994,64
-43218838.29658233,342648134.06207806,-0.3014587200082332,-0.1924226573603547,345363014.46438926,271682739.9138556,0.1,1.0030494479635007e+18,0.8545454545454544,0.19502536860247377,105051664.90030833,70
10910448.682818668,17042114.394175097,-1.7786929503209223,6.49061471002309,20235403.46730377,7596131.835591822,0.5,198441727062176.16,0.8066666666666666,0.18961950204437192,16257876.982218182,67
53305018.868673004,25552112.69831301,-2.8886633334573593,12.7337648863564,59112904.681946345,16024673.04119352,0.2,1429294972856526.2,0.6785714285714285,0.12318984114549077,63770058.7722,69
-7840557.383425667,38471970.647960775,0.020121478258521452,-0.42555188142617295,39262792.381851114,31718003.070941582,0.4,2.2284135483138972e+16,0.8242424242424242,0.375806448434606,13324677.310000002,73
-13732445.427714001,22979277.192298956,0.12605414142324597,-0.4493306491338749,26769894.241585158,19663512.334467042,1.0,3743793835178564.0,0.890909090909091,0.23272253783062155,5765667.226149999,67
115325268.88330798,179811789.23213947,-1.224576745855244,0.12609842734960752,213616940.3157686,144350832.82273173,0.1,1.0764858040000632e+17,0.6976190476190477,0.14609427577754713,124058430.65053333,67
-5200842.449194998,409227377.10864073,-0.2196619294746066,-0.7960929261578342,409260424.34787047,336850369.9383434,0.1,1.1992765947900613e+18,0.758974358974359,0.16285584110974788,200429295.42517143,75
-70557054.46194667,654028140.835047,-0.0856158026941603,-1.1048271290626077,657823005.7838463,566885537.6301434,0.2,4.894401551269096e+18,0.8111111111111112,0.10122703976827001,403557122.39692307,78
193380335.93964002,360398924.66845965,-0.6718122663499053,-0.08590165284900841,409002859.6847583,291336669.11685926,0.1,6.765629884713289e+17,0.796969696969697,0.0331953065154646,397267769.5365,76
-109663203.00378332,148377263.5339805,0.254744799679254,0.9619928258422972,184504282.9499665,111782588.48177633,0.1,1.8430242455658656e+17,0.7833333333333333,0.11262852740396274,-32776966.155769225,83
-244357549.42473003,239004499.37609982,1.1669704498674387,0.6303489103347721,341809541.5328242,193717963.73868656,0.1,1.5548973839317856e+17,0.7636363636363637,0.1329194678755231,-179622667.89315,81
152580751.79965633,475398203.6139239,-0.6901030290737272,-0.45702886414665445,499283824.912338,387431777.7213001,0.1,1.8230704673083256e+18,0.7512820512820512,0.07692307692307696,284649163.13148564,82
49445640.749325335,492431007.53630185,-0.07428203377757935,-1.0477817275220611,494907232.2893743,421854982.06555504,0.2,2.5481824799014564e+18,0.7083333333333334,0.1262896435741034,286959663.1712462,83
-162384471.117522,272259126.3310669,1.161587662109465,0.12196021642927102,317007489.3920855,213440093.097281,0.1,1.912088285717205e+17,0.7583333333333333,0.15463517399685311,-69511640.12709233,80
-9013214.752542002,27035590.60742623,0.4349753371651348,0.8199152001585253,28498442.056852758,19943739.33107556,0.1,7478741012545947.0,0.9400000000000001,0.40381513922420825,4202335.050136365,68
599841703.202318,428778468.0535593,-1.7547176738277832,3.724890633101765,737333739.6098288,303707645.55485255,0.4,2.60109878701287e+18,0.811111111111111,0.22621414523891478,884957527.8457845,76
-2270993.8889336674,41561583.234494716,0.43608508781292504,6.8389510062327545,41623582.42873151,21904819.90684211,0.1,1257489304375650.5,0.7435897435897435,0.17945054571202762,7755422.959014286,75
123563519.13688569,66481597.85317202,-3.076820038654292,9.178068250154466,140313029.0265391,39298581.504705876,0.0,9614802726563688.0,0.82,0.12666666666666668,150163426.75967273,71
235502609.68558797,344293525.1345279,-1.3878014369127971,1.3036794925581257,417132485.6904365,249365609.7752988,0.2,3.714343684037585e+17,0.8121212121212124,0.13504412094034662,365945169.29800004,77
381099605.37136596,710536978.680086,-0.5774013056412848,-0.5450667084307415,806287608.2924975,590572197.8406417,0.1,3.0572021646122926e+18,0.7909090909090909,0.07533213875549125,1028575109.4528666,82
-394060767.5082293,685473134.8240621,0.7729234165772606,-0.33345108783898203,790668898.4996828,561017476.5925102,0.1,2.485889559900322e+18,0.7282051282051282,0.14840816542038754,-70691203.45462862,68
-160649862.41895235,159346080.366724,2.477614497814262,5.481604724754666,226273179.19600368,88082346.28964634,0.0,1.2851291959003928e+16,0.7388888888888888,0.15265146293371207,-137681836.3534462,81
73497554.74107666,117758987.32060255,-0.6457040831655324,-0.725235464023958,138813074.4839671,104913834.45562568,0.1,8.44141855810495e+16,0.7555555555555555,0.2557969874049187,84506278.69261537,70
433140423.7538572,694782957.1874928,-1.2312654981252753,0.7215257268023496,818739265.1435918,512031971.2424532,0.1,1.920855189174147e+18,0.812121212121212,0.2519711091634837,628554039.0830333,89
93972036.71789996,687207999.7353779,-0.12097641786893441,-0.6235423643662732,693603329.4219468,567451400.0346841,0.1,6.227644804350022e+18,0.7916666666666665,0.22407216099581254,272578970.03192306,85
45252760.61359731,1239607052.3196046,-0.018456453478108457,-0.645665304603352,1240432769.8443196,1016307697.6765814,0.1,1.17209956245888e+19,0.7435897435897434,0.1846153846153846,498741592.3400857,85
-407508378.10958004,775356621.6303945,0.21635210660168266,-0.30454483506782015,875922924.0838484,650513012.3576832,0.1,7.285400378928866e+18,0.8055555555555555,0.2609928810343633,-49344219.91061539,85
61585996.20792994,738532296.2396274,-0.3005413917173176,-1.3054055988019633,741095666.9134557,663732871.1287991,0.1,2.7004072149774234e+18,0.786111111111111,0.2127676237786075,266642299.28980768,86
-43495708.902324,286020476.15103704,0.19553311513449395,-0.09017759041173345,289308813.33029187,225204955.27743664,0.2,9.894126849966606e+17,0.7071428571428572,0.12483549265636504,102368244.47088,86
-17238246.758407973,638796216.0946614,-0.25886336838087215,-1.0541265271711941,639028765.2744287,549774634.5175396,0.1,3.925934482413748e+18,0.7888888888888888,0.17708197167232476,345801970.2751077,84
-197464419.40796134,418306323.35252684,0.38284121264425547,-0.023783132206436797,462571483.22052026,337156667.626199,0.4,1.1518898309754638e+18,0.7416666666666666,0.054645321035850035,78094954.4072923,83
-4419991.786728,3666339.038357397,2.5547363901411817,5.820526607253786,5742679.630531936,2127557.8063252796,0.1,54458885931524.85,0.7102564102564102,0.15818663400191982,-592614.2052,86
52342287.866175994,41270373.627790734,-1.926468160420033,3.4700861000170553,66655523.69041203,30625809.852156162,0.1,4777382752813432.0,0.7153846153846153,0.021144131413423917,63661778.31085714,89
-18981643.703202996,207489224.0737143,-0.0024846003082707687,-1.1827773677580093,208355659.64088273,177483274.65595645,0.1,3.081835200793728e+17,0.717948717948718,0.10094881889758735,107825528.16057858,81
20700824.066000003,234898549.5498493,0.002970233621385075,-0.6339377892734235,235808932.6078096,192336014.34788,1.3,4.1966401279667584e+17,0.7583333333333334,0.01983730119039685,334055130.78,76
-77585303.15429667,328994354.1472653,0.22163278554385268,-1.0925444538473688,338018881.61213773,284235550.2762734,1.4000000000000001,1.0136590957214113e+18,0.7416666666666666,0.01443375672974069,416390548.541,85
-109384279.08208333,482306447.59222466,0.25801314518096746,-1.2992006915334524,494554779.4727481,426559252.1961333,1.3,2.3208993788704164e+18,0.775,0.01983730119039682,685456189.5911536,82
-107919528.660096,480501100.88109833,0.2857302852750849,-1.2943127962139656,492471250.5458209,424412100.1533031,1.3,2.2464266311902674e+18,0.75,0.01666666666666672,690989926.8184615,81
-60259102.32200732,432614953.5424753,0.22731258802750076,-1.255552509817264,436791549.1870375,381036349.9810362,1.4000000000000001,1.7152431376439357e+18,0.7410256410256412,0.01404416814115815,629000491.1097143,84
101128858.348674,116554390.27552149,-1.5943918690603323,1.404995447298452,154311282.42421147,83983429.9586497,0.1,4.046675075510564e+16,0.7388888888888889,0.01842569327975226,169863727.5638,81
78743090.924884,38608869.95958767,-1.4340854943498396,4.063400552425798,87699026.2657511,31647779.891292293,0.1,1.0209806232037504e+16,0.7000000000000001,0.06666666666666668,93122567.6102,87
76126015.42572,187532276.30314007,-0.2472216616433291,-0.23867259965563514,202394478.3832658,152220235.7531544,0.1,3.210146209110105e+17,0.7611111111111111,0.03557291243018253,231148874.83199996,81
129537807.84539734,253787871.46695945,-0.7856394457802467,-0.4725659194480962,284935654.78037494,215816650.7188199,0.1,7.117617866995263e+17,0.7611111111111111,0.24488596489482437,225079482.3018154,82
253626568.339376,304861099.44336927,-1.6922354696655577,1.6998568339921096,396568690.2939112,215453309.0452744,0.1,3.5303332376078854e+17,0.7749999999999999,0.20999338613923585,409071515.97304624,82
-55407185.07246399,624557617.4631958,0.005279821715144765,-0.596848771561604,627010505.2460908,521704357.83252454,1.4000000000000001,3.710025845628085e+18,0.7102564102564103,0.02405341415294068,678272872.3063143,81
32601895.612598013,500821438.0211192,-0.14683234705017828,-0.4946112088721115,501881456.5005131,403280971.044414,1.4000000000000001,1.7571384414176476e+18,0.723076923076923,0.020189763779517478,656616696.9275143,81
119559664.09139499,128001436.6561832,-1.629680249425954,2.5009149055354056,175153878.2433723,90814883.5299293,0.1,3.987517131048061e+16,0.7333333333333333,0.026148818018424568,191799132.2155714,82
163699114.13249335,293940087.80640244,0.31958934263846134,-0.7544011119931158,336449364.9680419,254716195.63936248,1.3,7.940811172609306e+17,0.7444444444444445,0.015713484026367772,653013269.3500768,80
-33116751.528384,203328264.3752893,-0.00500636049283732,-0.6729546006062441,206007529.77903566,166665399.55198592,0.1,2.0268963175667206e+17,0.7179487179487178,0.016617283842071433,137769991.53737143,81
-92769594.019212,288656653.3250534,0.3744346798004126,-0.5367922191303629,303197726.05233943,239934496.89934734,1.3,7.49685947899936e+17,0.7384615384615383,0.017764623667373136,244627167.06025714,81
77530076.72829069,241740666.64510474,-0.5316482597423974,-0.29683684511842046,253868987.2897324,192452944.61765966,0.1,4.453924308806099e+17,0.725,0.01983730119039682,269152955.22335386,79
7293946.048622996,400645679.6273389,0.2488309720419661,-0.6735307424312578,400712069.0134159,333795804.48488003,1.4000000000000001,1.559859358091563e+18,0.7256410256410255,0.0140441681411581,579641939.19385,81
12923892.529228,15899270.221894005,-2.43395604735459,6.408715622894057,20489358.010827005,8705475.226984402,0.0,188013040577730.28,0.7303030303030303,0.026417569354791996,20461252.646250006,84
41018764.829592,33758217.2208601,-2.1840100667790407,3.4410811317280077,53123971.03075173,23237257.869488962,0.1,2117324977565098.0,0.8060606060606059,0.24113292441306375,57429887.416,83
-4763996.324306666,2742618.14583444,3.882552291373174,14.893603435544698,5497055.14542721,1305731.6539064893,0.0,5155389296885.916,0.7435897435897437,0.027377123723157246,-3410561.8442857144,82
31267614.421924,31205471.8077936,-1.9478033349483546,2.3960306910855813,44175164.76919029,22630277.759676054,0.1,2613007511148286.0,0.7384615384615384,0.04102564102564105,38118479.487950005,83
8258379.682930668,23837298.901292343,-1.210001790510538,0.1875517792979573,25227319.593983725,18607231.436623182,0.1,2138307373242200.5,0.7583333333333333,0.1841522115996358,11779659.572238462,82
49641172.88920533,34814718.65604589,-2.7786549315323983,6.187609852081691,60632587.61520577,20616163.115039002,0.0,2068837119249420.5,0.7454545454545454,0.029379877923735365,64588724.5358,84
154628593.52377436,153247436.5331265,-0.5665971875584408,1.325421839320935,217703419.21778643,122576481.20105548,1.3,1.636508096935646e+17,0.7666666666666667,0.019245008972987553,367425972.93959236,81
-13428676.643561998,371407591.3907817,0.01826485465518459,-0.6321554444286086,371650276.8720874,299134272.9412407,0.2,1.2763931557399616e+18,0.7444444444444444,0.028327886186626624,445358959.93758464,82
-11782136.162860006,231456895.33739582,-0.028412250200897896,-1.0057534940167085,231756581.6363936,197623260.81091812,0.1,5.4149165076802125e+17,0.741025641025641,0.02321893625163444,146574909.17635712,82
34453881.37358334,294174080.01278234,-0.2288208057866102,-1.034599960953657,296184839.742131,251792864.50710562,0.1,7.406705722863872e+17,0.7416666666666667,0.027638539919628374,268661546.8984615,79
79942750.28614199,191771049.13816288,-0.9730737178577382,-0.3453187998459497,207766644.60606793,148901338.82165176,0.1,1.5429413540560387e+17,0.7512820512820512,0.0812460488089993,179704905.0300714,81
29628857.23646967,32691674.69837011,-1.5317056001145848,0.8882330369124736,44120457.56475281,25924013.33104564,0.1,4303322761724417.0,0.8575757575757574,0.3944286006725001,40941500.91616666,79
15636571.962414691,192183172.40210193,-0.09733560889212711,-1.203400259380103,192818241.1943222,168297757.85236552,0.1,1.581079396041825e+17,0.7076923076923076,0.029681633084077515,131576153.60912856,81
-166578219.23757935,398359897.3252899,0.3252831951915252,-1.060302712591335,431785723.3876295,347566473.12132657,1.3,1.5665188167692654e+18,0.7666666666666667,0.023570226039551615,452043367.513123,79
55949240.96140601,313746104.2198123,-0.05806453975838,-0.6822251027388728,318695678.47284466,262316261.5740984,1.3,9.075801736931786e+17,0.7750000000000002,0.02763853991962836,525293380.95001537,80
105253790.90182665,115287554.30376773,-1.7393628012764317,2.2779659164762958,156107593.26999325,82981814.61082934,0.1,8.801313090099811e+16,0.7727272727272727,0.05471354571293272,161394753.61208335,80
-9212322.393966,293212492.61178935,0.00556175610323611,-0.8772115450888514,293357175.9945698,241695648.49991462,1.3,6.663862222317281e+17,0.7787878787878789,0.021427478217774163,334812812.6437501,76
2153509.7468819935,192703621.2766889,-0.04999416917627038,-0.38352595760255603,192715653.89811867,157661307.68122074,1.3,2.2794199918579504e+17,0.7722222222222225,0.01242259987499883,223700195.4604,78
28311568.929423988,166782240.64562207,-0.08982929072667348,-1.0100011160274445,169168143.36635524,143805149.8568555,0.1,2.4789597107650538e+17,0.763888888888889,0.021336515966301726,136465087.5902769,78
5131573.273476003,247141975.71414918,0.006954169963791941,-0.6750638359669034,247195245.1083033,203506851.82894272,1.3,4.5322886468152237e+17,0.7589743589743588,0.02321893625163444,300200267.4699858,79
-94595452.37033732,315559407.97331816,0.2105964784563795,-0.7306873794881428,329432906.02127135,262718804.4453236,1.3,8.549813880889825e+17,0.7666666666666667,0.04082482904638633,301748906.6314154,80
-20369282.33496667,276860203.02673274,0.0738142814468912,-0.8018429239442355,277608500.73952216,231956536.81649822,0.1,8.175232963959186e+17,0.7694444444444447,0.009212846639876107,300847696.42,81
107540102.262195,177899759.3536806,-0.6171416549263621,0.326521855819498,207877843.87149304,135632001.439125,1.3,2.0299287594859008e+17,0.7555555555555555,0.015713484026367772,289084160.3867308,80
16458025.821614005,309949496.48638904,0.09307465892338518,-0.6167085194535287,310386141.7430086,255470557.12092742,1.3,8.81924961558211e+17,0.75,0.021516574145596806,452938133.9894692,81
-78964815.24523202,337454822.23614484,0.2563388236216523,-0.7230644626708904,346570626.41998637,275622244.4742026,1.3,1.0678802014712018e+18,0.7805555555555556,0.028733556757746137,354860056.4350154,80
