mean,std,skewness,kurtosis,rms,mad,dominant_freq,total_power,mean_ibi,ibi_std,mean_peak_amp,HR,Segment ID,SpO2 [%]
455900048.374769,692474176.9754125,-0.986387649302181,0.4581658625672413,829074990.5080309,527855677.61942565,0.1,1.8887299580635817e+18,0.7777777777777778,0.0437444881889545,851850120.6138,77,132004,99.0
-15105698.55422994,532754635.527357,0.0233773373881277,-1.5346380432925872,532968745.6171312,485592336.7969056,0.1,1.1260067512697743e+18,0.7888888888888889,0.071145824860365,59885041.52876921,75,132005,98.0
110881586.77533336,307399575.4589278,-0.8374344100852177,-1.1407402288071222,326786207.294838,276858753.02122486,0.1,6.430767217238284e+17,0.8333333333333335,0.0666666666666666,195376347.3985333,73,132006,98.0
-33014061.07392802,647086901.6991451,-0.1821401757592041,-0.723556376014101,647928535.0863875,535836791.4741688,0.1,3.473697418815977e+18,0.8333333333333335,0.0449466574975494,584779696.4240001,73,132008,98.0
-129682747.63977867,368404001.0174106,0.2410488200182947,-0.8410079435199789,390562572.4529154,311793593.8944347,0.2,1.4661841547743337e+18,0.7282051282051281,0.0814884542670292,78837056.01168573,81,132009,99.0
-167923154.70690668,209619245.44653136,1.1051963102679334,0.4144027100670815,268585952.6265156,168545379.59542075,0.1,2.035907943934094e+17,0.7256410256410256,0.0796936936816413,-52331034.97332142,82,132012,98.0
-7229055.612625007,225148698.71066377,-0.0978424562365067,-1.1603044341630633,225264723.772178,192962157.1051533,0.1,1.2813000225680622e+17,0.8090909090909091,0.071196000754368,45028764.983125,72,132013,97.0
45259306.97039734,340073150.5352603,-0.10866152707204,-1.3521702525235508,343071643.5125737,309923141.41160053,0.1,7.979502156578575e+17,0.7515151515151515,0.0385694607919935,161153297.39851663,80,132014,98.0
79556612.67136365,329936577.5726322,-0.0813879213526136,-0.5781098383396177,339392692.67337346,277476364.5429582,0.1,3.143147069932691e+17,0.775,0.0579351489294839,149934606.13424614,79,132049,98.0
38742014.15609036,315029924.8643112,-0.3187722519122468,-1.5050886395191236,317403209.21642274,289766099.4795057,0.1,8.764366929915846e+17,0.8,0.0828775414010748,147946535.410825,72,132052,98.0
-155458415.740796,382496153.3440616,0.7767836248012463,0.3173619157052245,412880886.391756,294168003.3444285,0.0,7.374123700109821e+17,0.8027777777777779,0.0584654588329144,65524286.59516925,76,132053,97.0
184194264.1156737,385551560.8914607,-0.5693846526330032,-0.3001506849216606,427290923.1881205,315439737.8175869,0.3,1.2264036521118438e+18,0.796969696969697,0.1218166741954047,442965785.1236334,74,132054,98.0
-310312918.552108,246455929.30034825,1.541673558593851,2.461458536724714,396275954.99553776,177193049.8957385,0.1,2.9545120960381274e+17,0.741025641025641,0.2021905026022187,-227839790.49047855,79,132057,97.0
-30412700.36712499,481254700.8177421,0.3757480656056065,-0.2465256269817763,482214702.5991586,393176221.8800268,0.2,2.4044195366400696e+18,0.7333333333333333,0.1130388330520878,210916758.17173076,76,132059,95.0
140752761.20339862,621235830.2829392,-0.5368128525257316,-0.3141835378078346,636981394.2445365,502216382.1613776,0.1,2.949004913807965e+18,0.7307692307692307,0.1194442533215601,379110522.0013572,72,132060,93.0
-44422314.48072934,456485684.8167365,0.3293531867229778,-1.1767756046462718,458642041.7563459,392735247.4070582,0.1,9.511696255630208e+17,0.7861111111111111,0.1357137055589568,99642104.79145388,74,132061,93.0
-14097584.338842684,208055378.70762843,0.2058182935795428,-1.5669055512188756,208532449.4973516,194258429.0499144,0.1,2.2110594314754704e+17,0.8151515151515152,0.1572257184372466,12671210.706250004,72,132062,93.0
-5667396.767082011,730379153.2479854,0.0931529018326181,-0.7564526416467814,730401141.0761621,600986643.0788531,0.3,3.4454675065017395e+18,0.8151515151515152,0.1430996236741526,527310876.6629999,72,132064,93.0
31047677.488409985,415838197.3110906,0.0329915187147366,-0.7046072336067288,416995641.0088261,343211376.3736834,0.3,1.3456771905749903e+18,0.7666666666666666,0.0942809041582063,263013877.77669236,78,132065,93.0
-68771774.15184997,412071267.1848253,0.0292163419619751,-0.8984535447310344,417770614.2840838,344760229.2478593,0.3,1.0934078286930652e+18,0.7999999999999999,0.2348435972120917,80277764.53491668,74,132068,92.0
-7509600.371711999,3745471.2204178087,1.866409107218881,5.176681625979654,8391820.56563384,2729153.71792384,0.9,102694186584212.16,0.8151515151515153,0.2031885407786692,-2558350.7264000005,76,132075,98.0
104403272.54305202,274025236.904614,-0.6843248844465608,-0.6596143710361932,293240300.399397,231125451.1420865,0.1,4.104018798625353e+17,0.7307692307692307,0.141700019278442,221955571.44454283,76,132101,92.0
172601500.698786,213169454.15973648,-0.5280719988346863,-0.1693083155076444,274285424.7499,173981230.88066465,0.1,6.684073323138397e+17,0.7128205128205128,0.1499506822278302,241481504.47011423,74,132104,92.0
318242843.27471995,96261427.00314435,-4.768825101624212,27.98830912308584,332482735.8288843,47573635.97488322,0.1,1.0166601797321218e+16,0.8466666666666667,0.1874981481390031,352258651.6573091,62,133002,98.0
293739511.679625,488370673.7054425,-0.7963533216940417,-0.4731888805748543,569902461.5294203,418715499.13248,0.1,7.578456611236886e+17,0.8454545454545453,0.287192163616933,355940888.83787507,60,133003,98.0
-136941782.78677604,320618379.6187375,0.5497845921083925,-1.2582005006994927,348639064.3949204,290481786.9136638,0.1,5.023217270012061e+17,1.0583333333333331,0.0322748612183951,-97993535.48893334,56,133004,98.0
-597949294.5330666,1004241529.038257,0.9575815323122784,0.1181686124345495,1168779024.228998,786542411.0777298,0.1,6.875768427676168e+18,0.93,0.2068010315899479,-419192757.7520001,57,133005,98.0
538719552.880036,1336881050.3929625,-0.6851412274113367,-0.6050436347119046,1441343019.3937376,1136752216.3048148,0.1,1.255513012205434e+19,1.0148148148148148,0.1415183198114281,965937776.62756,56,133006,98.0
-335543729.315244,1956695815.674021,0.0473629755932474,-1.060065455241446,1985257693.4390664,1692572813.8515346,0.1,2.8342338639769194e+19,0.7564102564102565,0.2573316777496283,710062873.9953858,54,133007,98.0
-38106818.34410136,998238191.9984614,-0.0287449579527525,-1.6765099608449527,998965273.454822,937895583.3071272,0.1,6.113005585358366e+18,0.8800000000000001,0.2659156090023884,205473421.8814909,55,133008,98.0
-717789534.0000663,1798893644.138647,0.0891135852888076,-0.4752582534402911,1936811854.0639036,1473775593.6693025,0.1,2.812569688921621e+19,0.7076923076923076,0.2569225651256482,66050011.857728586,55,133009,98.0
-236734249.3480213,930949978.9420844,0.4169808340111658,-1.4756721750772075,960578454.9461008,861530074.4912443,0.1,4.713110190384744e+18,0.7999999999999999,0.2870962250261094,-77984942.61579998,54,133010,97.0
-164231263.5098963,821496640.5789739,0.1671984436402059,-1.2580540050339624,837752134.2238387,714799393.6113498,0.1,7.32090491742472e+18,0.9851851851851852,0.2368054424169745,-55899514.22436001,53,133011,99.0
329484501.25816005,1049990231.5725588,-0.0292053368696563,-0.3731031395118354,1100472408.9985783,876068838.4765973,0.1,8.998553148833496e+18,0.8333333333333334,0.251219249085557,910374843.1246362,56,133012,98.0
-95739588.21978895,968105663.0325484,0.2447649480000405,-1.5895935469757012,972828167.5343208,897099135.1488968,0.1,6.58522226125051e+18,0.9666666666666666,0.2577203001054045,319015886.94324005,54,133013,98.0
341541671.7156603,873318317.2165508,-0.6937795238584307,-0.0933967228956382,937728956.9509284,693952389.6322991,0.1,6.836908934100378e+18,0.8181818181818182,0.2952019121929104,635365705.3896917,53,133014,99.0
-29689505.634976663,11112318.775248865,5.089575819510604,24.541688724357297,31700952.24771741,4216027.750287156,0.0,43080524068403.86,0.893939393939394,0.326232916056649,-26405230.796725005,54,133018,98.0
62638919.0596,224320975.77568623,-0.1531180911383919,-0.6414195613529787,232902413.800096,179538873.90836802,0.1,9.323994839047914e+16,0.8151515151515152,0.264904646981992,111045883.65,57,133029,98.0
151599785.07330367,180868699.36227277,-0.5547271592087645,-0.0993915148409292,235999960.26116627,157724692.20558786,0.1,2.3924177612153715e+17,1.0296296296296297,0.3116837762958407,241102513.84932995,58,133030,98.0
89096060.08484831,287029438.8437035,-0.6386098455317092,-1.2197773244371075,300539525.9954575,258887848.8783185,0.1,1.3159469566109655e+18,0.9925925925925926,0.2599989448116184,175413539.15045002,64,133033,99.0
65622422.881694034,426612071.11932,-0.3190831730601165,-1.540964888520664,431629657.9355728,396401124.2855308,0.1,1.060258481856454e+18,0.91,0.0760847480700888,194607232.09161815,67,133034,99.0
-19502920.867333338,456741855.9403629,-0.1150872409327597,-0.1645868093384241,457158054.6049743,367287346.5970756,1.0,1.0997454216519826e+18,1.011111111111111,0.0351364184463153,417645421.78,58,133043,98.0
73541057.766857,203332687.9416772,-0.1928602667661397,0.7832179798900754,216223192.93511435,149907880.43494707,0.4,3.2528445267216205e+17,0.94,0.22939534045447,229975209.7754636,62,133044,98.0
3059881.5826086616,267739371.32738912,-0.0776473546523599,-0.3107541705535279,267756855.8115462,214799850.0559877,0.2,8.45558865439257e+17,1.011111111111111,0.1122167215373564,237735684.58058995,60,133045,98.0
-10758943.926704025,469048783.7299237,-0.0481240778702484,-1.2600807673033807,469172160.7181512,414437373.692924,0.1,1.249720370961786e+18,0.8787878787878788,0.2142747821777417,210338723.77980003,58,133046,98.0
-179412988.91409135,465275703.0021782,0.2504810511297474,-0.8059257511715732,498668728.11041486,391471353.3000331,0.1,1.133881085223953e+18,1.0037037037037038,0.1452494188972413,170214959.97514,57,133047,98.0
-309683347.3637564,383869411.1324172,0.6887865258677519,0.2652965763559827,493213443.082779,304043882.3502523,1.0,1.1226288428963036e+18,0.8515151515151514,0.2434448214350901,15110488.56705,58,133048,98.0
-41813302.44969533,314779781.5839225,0.0040437886687666,-1.2538016214667251,317544741.9746888,276935492.25764275,0.1,3.955467925158434e+17,0.8366666666666667,0.2487524427574085,77762318.20585452,57,133049,97.0
-28481880.89227033,460843384.8795466,-0.1023714883243749,-0.871268059673679,461722690.504159,386748789.2658182,0.1,2.361747659585691e+18,1.0814814814814817,0.0568973759101378,421508445.98753,57,133050,96.0
-148588319.88546136,141511812.1016017,1.4521785977480166,5.3114856049575305,205192791.7122412,99760627.88725202,0.9,7.092083976015627e+16,0.8799999999999999,0.2650786046942806,7670748.7280545505,54,133051,96.0
-123182560.77582663,359404285.3904213,0.6467037556323961,-0.1380072672546228,379928129.5670138,286879563.68550414,0.1,7.57635960329746e+17,0.9962962962962963,0.2843421884099146,108134280.70607,54,133052,96.0
-69883082.49194999,340707975.2581588,0.2570599211042315,-0.7730069253334295,347801048.9102798,284565071.55037934,0.1,3.8778496110639066e+17,1.1041666666666667,0.0309008270295652,179967031.57499996,55,133053,96.0
-97688864.31707469,638873568.3934009,0.1026942669879169,-0.6734935337688235,646299118.5227451,522594216.2204363,0.9,4.5872761397179336e+18,0.94,0.2402776172125346,585033703.3069091,54,133054,97.0
-157591615.73878667,109441165.10510243,1.4401845718633624,3.123036678175456,191865801.98337504,84829870.00660063,0.1,3.18574373026535e+16,0.9166666666666666,0.2833333333333333,-156042160.71195555,61,133056,98.0
81150754.07873704,301848132.6605752,-0.564462230818756,-1.02380867726617,312566377.0756923,265059308.7459492,0.1,1.563922795040404e+18,1.0074074074074073,0.0377705149155021,113101722.81289,60,133057,98.0
-203658510.7761517,989146461.1081696,0.2330616417195581,-1.0590286283904504,1009894801.7166816,853325794.2825425,0.1,9.914331427314651e+18,0.9433333333333332,0.2097882530341275,-17178448.4970637,57,133058,98.0
-787394624.8868699,2052698636.7389493,0.5197084300975953,-0.7604154663607803,2198536328.690221,1712630180.7539785,0.1,3.5276305996100964e+19,0.7833333333333332,0.2709721866279377,-363748463.133,56,133059,98.0
75983358.37864803,340599168.66663086,-0.2512247119131597,-0.6163138542594369,348971724.4231947,265878905.0249709,0.1,1.3867329961953e+18,1.1083333333333334,0.1187317237397917,163279007.8016,53,133060,98.0
-164149399.59398198,1146649534.4732227,0.1633251632732093,-1.5561241686595255,1158339406.3463104,1065587202.929864,0.1,8.997726346301441e+18,0.9766666666666668,0.2928974033495157,438689906.10392725,56,133062,98.0
-131236138.10298304,1232501577.1138072,-0.1818527409964265,-1.0896565752863037,1239468862.67151,1051900197.7736074,0.1,1.6378299190754808e+19,0.775,0.2442391814958807,15468321.51228459,56,133063,98.0
-459764473.4760101,937924959.0789005,0.63675576874675,-0.4419682411470162,1044550908.253796,773808181.3202561,0.1,3.5428556427787484e+18,0.7888888888888889,0.225804460365573,-243770083.2155307,56,133064,99.0
-455005608.661584,672561045.0899817,0.8882588507781669,-0.5998353157852097,812015063.4600487,586746509.0835167,0.1,1.900050454277288e+18,0.96,0.206451500896027,-306733146.31669086,56,133067,99.0
-672096874.1256046,1035568784.9142668,0.9673109845282634,0.1125447804048747,1234551301.687467,805425334.5893612,0.1,8.071074308676743e+18,0.8606060606060605,0.25695111425091,-542057304.3281084,54,133068,99.0
325148840.8497813,504019461.567401,-1.3858790950220234,0.2273821404680314,599797787.8790895,394822394.53875583,0.1,8.739476501197119e+17,0.7888888888888889,0.1945237933334621,343902538.7859462,57,133071,98.0
-7282392.61735,14687115.504589245,0.5120607697075652,-0.3402400962014749,16393431.73586237,11979525.441418666,0.6000000000000001,1605870576808549.8,0.8900000000000002,0.2704112094980943,6296037.7731818175,57,133075,96.0
39789370.87822131,580394696.2974669,-0.0289022830449468,-1.1183173167487863,581756991.8145492,503225762.33313394,0.1,3.838746251076959e+18,0.9033333333333332,0.1294861639970335,318271663.95952725,63,133084,98.0
-7261094.833234666,162063320.1806307,-0.3371637966583062,-0.3750837775500772,162225901.8965432,135241915.32158944,0.1,2.808462093867484e+17,0.91,0.1549551906555928,59273050.58385455,63,133098,99.0
-97444199.02058998,77134065.39159106,0.5879888191022397,5.102580786917981,124278059.07157786,57010232.948722206,0.1,2.5907961882655668e+16,1.0333333333333332,0.1787300882460601,-66550105.26719999,60,133100,97.0
313004015.14526004,678765016.4117017,-0.9125449131186064,0.9570523331252936,747457999.4898922,494660357.8626638,1.0,2.821758238734514e+18,0.9533333333333334,0.06,1035866806.6881272,60,133101,97.0
220733326.70031467,129065896.36397666,-2.225027019516917,6.7743815935805305,255697491.42380068,89843873.04116721,0.1,1.024173916607052e+17,1.014814814814815,0.2548837116160778,287160261.6456,60,133102,97.0
110473204.783725,211042630.21450135,-1.0957254146976183,0.1119107439944016,238208565.6374296,161231577.3808705,0.1,2.2230721547306237e+17,0.9666666666666668,0.3018461712712473,103424921.38872728,55,133104,97.0
-215721168.97256333,481163493.6028655,0.3950293727842323,-1.0171707268916317,527308192.9185284,412234844.2374132,0.1,2.6576650043597804e+18,0.9333333333333332,0.2458545188611436,-74737609.51745453,56,133105,98.0
-62279403.03386668,523412238.7690243,-0.157911533002625,-0.962021705406952,527104444.807153,448844556.7625102,0.1,3.451809559359035e+18,0.94,0.2678307923546755,276960236.77738184,55,133106,99.0
-182247697.5169107,400687813.6529707,0.4688889674394672,-0.0763812140777009,440187400.1606738,308164254.2633079,0.2,9.31406877569521e+17,0.8733333333333333,0.2796028930068102,-79928500.14000002,54,133107,99.0
-45762694.021978,371075809.6696263,0.1319574481291367,-0.1049263289427204,373886989.1907418,297503896.32559085,0.2,9.30430474128988e+17,0.8787878787878788,0.2471137337924256,199629092.21901667,56,133108,98.0
45072848.64462798,1009298294.7822744,-0.1695383405159225,-1.0420282294924177,1010304216.3305806,884888731.1136955,0.3,7.454661958197136e+18,0.6666666666666666,0.1272418020560703,352981747.2811468,72,134004,95.0
-644053160.0641122,1208979770.869095,0.7380087388114659,0.5470236043248722,1369830850.6378655,916616584.0236298,0.1,3.7715266179844434e+18,0.6466666666666666,0.1988112821897337,-308892573.32306254,55,134051,91.0
-119329602.41273998,681319278.7445312,-0.0463492893366732,-1.064173939274656,691690330.7123432,594489203.7039044,0.1,2.0987760600593623e+18,0.6880952380952381,0.1824033307170934,-82489515.21072003,56,134054,91.0
-673662247.8320681,1303458548.0491428,0.5892585047763563,-0.1222033089979821,1467250834.259955,1048494099.8245811,0.1,6.425944808212728e+18,0.9166666666666666,0.1796601730428249,11260255.73889093,66,134102,86.0
-189829899.81884897,87381016.62701952,3.482908006257136,13.05059450147282,208975675.4553164,45248902.32096041,0.1,1.8503959514646108e+16,0.903703703703704,0.1710132797128177,-186721705.06134,66,135003,97.0
-71692448.83690798,890590735.149717,0.0248545560791755,-0.805890236016388,893471692.1955312,744038836.955625,1.1,4.511318287005575e+18,0.8966666666666667,0.0795124029458437,757985675.2592727,65,135004,99.0
-72168270.58895633,634969519.625482,-0.009129989467536,-0.6108977924641845,639057548.373553,512724033.6937008,1.2000000000000002,2.669253669351662e+18,0.8333333333333333,0.1247219128924647,724352982.3922501,72,135007,98.0
-246029204.5548,686319635.0522512,0.3177980468571284,-0.7344457239407487,729085050.5614024,571769105.789876,0.2,3.994972837118561e+18,0.9433333333333334,0.1238726945070803,596430001.7099999,62,135008,99.0
34758882.82902664,575729988.4468262,-0.0530642053367726,-0.3334271492319387,576778293.2223653,451064457.8933,1.2000000000000002,2.009835762524561e+18,0.8733333333333334,0.0742368581710669,688460542.9700274,67,135009,99.0
-121360750.61678866,593697756.8220997,0.282140807935598,-0.4212776920018255,605974800.0089306,489636711.4672017,1.1,2.79243003994508e+18,0.9266666666666667,0.0879393730551528,821268737.1597545,63,135010,98.0
-241697321.668992,718191211.1542135,0.4759366351673404,-0.366593162278237,757770553.0575336,586829861.9424461,1.0,4.3237293960238433e+18,0.9740740740740742,0.0733295921230493,803081927.2448,60,135011,98.0
107537254.38183,211585736.1365308,-0.7697178242750057,-1.2197295400391006,237345286.06319535,194141964.9621144,0.1,2.856604474892267e+17,0.9233333333333336,0.0746100976186646,144747550.92935455,67,135012,97.0
-22885691.34021334,191648106.27979067,0.0839749657314492,-0.2990697633719685,193009718.68988737,150755539.5662823,0.5,4.0659916802905856e+17,0.8121212121212121,0.1908369271979852,111711274.69646668,69,135013,98.0
64198778.888588,95701512.32530616,-1.1573229352114611,0.2802518507778835,115240022.00683811,76882516.43316075,0.0,4.337074084659401e+16,0.809090909090909,0.1639727182844689,97571644.21193331,71,135017,97.0
14400009.839179998,31463390.345137727,-0.9380509262650872,-0.6363065832937385,34602098.42450292,26987698.574607868,0.1,7855642327518835.0,0.95,0.2629955639676583,16910968.721181814,62,135018,98.0
607930.8694836807,251229109.259054,-0.1002606282337256,-0.7357894531172109,251229844.80160743,209762427.536514,0.1,6.420862100143628e+17,0.8121212121212121,0.0477212598424958,255374401.06363332,72,135029,97.0
-47038313.532165,38630991.20546956,1.3994156393893566,3.0196393471373826,60868353.20153917,29125429.523322094,0.2,2.289203424315928e+16,0.8181818181818182,0.1713662486739235,-29977095.99267499,83,135034,98.0
-130939.291335996,190953093.94951877,0.2962452566118992,-1.5783667789702598,190953138.842994,179448213.9392346,0.1,3.0182726620812045e+17,0.809090909090909,0.1005951071072596,90116579.69335,69,135043,97.0
-97052863.39264534,207517882.0141672,0.4510541826951631,-0.581045105052878,229091531.15808824,172729431.92305505,0.1,4.334486544871601e+17,0.7435897435897437,0.1193891971981827,11149450.209764298,75,135044,97.0
153647245.849636,362893717.93886864,-0.3926151020289149,0.0696073746115866,394080355.6086926,283720868.78345054,1.1,7.11526201545259e+17,0.8833333333333334,0.0562731433871137,475846476.06720006,70,135045,95.0
-92701654.64574666,148127069.30632377,0.6057366009444405,-0.1056278079951518,174743312.9917701,121397742.74163164,1.0,1.2641620364670768e+17,0.9518518518518518,0.0802943829210325,58028066.66712,64,135048,97.0
-118906339.270754,148602593.48537755,0.8354800658346856,0.4567292841854486,190319332.46349943,120319954.75199749,0.1,3.138876864921046e+17,0.8700000000000001,0.0993870101058371,-869849.4498909068,66,135049,97.0
-87524951.95918599,404991306.3324168,0.0509030101896734,-0.8110266890304745,414341134.11571306,342241084.6387116,1.1,1.5355612769517983e+18,0.8545454545454544,0.1112579378829443,378798452.479125,67,135051,98.0
-255947692.782565,451727522.816734,0.6549127186555889,-0.2981888714744807,519198397.8315622,366630683.6510759,1.0,1.8783703615411768e+18,0.8636363636363638,0.1871932752906727,239729455.3955,64,135052,98.0
-185420373.027444,267576935.44603187,0.5458116136443616,-0.1323125217553604,325542825.3184616,218847656.69712016,0.2,5.847288682765388e+17,0.8633333333333335,0.0936304793679209,75139363.67269091,67,135053,99.0
22316787.60943597,353508017.9929033,-0.4207256498314893,-0.789735468178006,354211741.4689631,285939029.61140114,0.1,7.991874354430829e+17,0.8212121212121214,0.0945726456625893,269390809.89085,65,135054,98.0
-8163186.443744023,479102644.7960649,-0.1804923566433277,-1.5375010332721413,479172183.9417431,441266178.2459822,0.1,1.3809941200906084e+18,0.9233333333333336,0.1022524110011864,130890045.86076364,64,135057,99.0
-303177854.4658553,612514304.1568549,0.4577006307595692,-0.6886229694135815,683440256.522306,515344950.0387201,0.1,3.582608172499876e+18,0.8454545454545456,0.1640846832809804,115983039.29186668,72,135058,99.0
85900624.323142,269138089.86627513,-0.8073736864629627,-0.9439219758779056,282514121.1974594,237544201.58752087,0.1,2.9960199089912986e+17,0.91,0.089504810547317,137099656.21789092,64,135059,99.0
-96519749.45995197,461115068.5342159,0.0842991294309455,-1.7202052774936505,471108446.6077069,438886978.9281473,0.1,1.8811805632966548e+18,0.9,0.0881917103688196,45606775.600927286,67,135060,98.0
-139400917.92684165,223612516.50519305,0.6545408483832216,-0.4425833799610541,263505547.2976447,183095209.25283203,0.1,1.9463623882991334e+17,0.9925925925925926,0.4356852918396228,-99580396.3035,66,135061,99.0
-272923728.48088807,522564263.8925981,0.682460476069125,-0.0050867814751636,589542849.5584713,412570961.0360947,0.1,1.2999184027750943e+18,0.8515151515151516,0.1827752587878815,-122191379.34245,62,135062,99.0
-99643598.250131,391202078.7287129,0.2029380468380092,-1.197670526494224,403692844.9624784,344913637.0603815,0.1,1.1724976855209485e+18,0.92,0.1431394036905592,-10522876.841127254,63,135063,99.0
339119282.99403,376356478.0327874,-1.4334258403556313,1.088772188527317,506602493.7321459,296514264.0254564,0.1,6.762657314061395e+17,0.8181818181818182,0.1788649037984692,539430152.6652501,63,135065,99.0
105556017.119804,444327779.1142838,-0.5127654563060152,-0.0371166818293544,456693823.0837245,346068313.0734826,0.1,2.3644231239059297e+18,0.7583333333333334,0.1509997547214098,225742537.65634617,66,135066,99.0
-136495999.7753103,344561322.2774656,0.4434845947384049,0.5860139316790978,370612550.73763627,254172417.837895,0.1,1.2213824245533448e+18,0.8424242424242425,0.1264039613006922,-11051887.522583326,71,135067,99.0
-22971265.19067805,553760540.954914,0.1303889263850419,-1.5841781508443804,554236786.710463,509098919.1683193,0.1,1.609080419433246e+18,0.8484848484848485,0.1816666034826892,77838055.52946667,64,135068,98.0
26355638.538942672,20649510.12746255,-2.479763746945689,6.773122465831214,33481665.89791461,11507254.05844006,0.2,3393969187593182.0,0.9833333333333334,0.2713136766016617,36692563.24625455,68,135071,98.0
-33224011.062978007,92527796.9730616,0.2775353806121214,-0.0918806154214646,98311892.07721002,76742952.00867443,0.1,5.610651709888506e+16,0.8878787878787879,0.2056144903477257,7443600.81096667,65,135072,99.0
23575371.55020833,71491074.30942182,-0.5878186559576554,0.0299426599846062,75277963.90475532,55121356.40698634,0.1,3.971623482598259e+16,0.6666666666666666,0.0951831343244645,83389040.37325,84,135080,98.0
-18213429.551988,22100057.7479912,1.030472420212089,1.132061790507409,28638113.91327605,16301367.56754128,0.1,7621696420316205.0,0.8400000000000001,0.1533333333333333,-6750257.638963634,62,135093,98.0
-111653504.967733,527931006.33688337,0.3641096662599438,-1.171942009234922,539608795.910013,458146083.020492,0.1,2.7200775636103086e+18,0.8787878787878789,0.1742358365026066,105297996.57528332,60,135101,98.0
-141753166.76724,662786552.7325304,0.0857888516994389,-1.007755879223039,677775755.5206679,568044287.5313168,0.1,2.4179424295713347e+18,0.8545454545454546,0.1297026336911072,262799742.99425,66,135102,98.0
-296649014.50143534,726376883.6607054,0.3569019876824688,-0.7306432711042508,784617113.5791717,613090313.3480147,0.1,6.131088419628219e+18,0.9481481481481482,0.0818174890162019,429449358.76964,63,135103,98.0
106040699.096812,699637133.9521778,-0.1600495526733059,-0.249918093234525,707627549.6825701,566941220.6769441,1.1,5.55394841692152e+18,0.8242424242424242,0.1589682066497454,976464935.78715,66,135104,96.0
-549137538.9811001,398165691.3286778,1.6079054391533083,2.6600496379743435,678297836.1084923,301438223.4358827,0.1,1.1016220331636352e+18,0.8966666666666667,0.1876462392671676,-297819378.9963273,67,135106,96.0
-85104665.7816921,881606750.850179,0.1886532056058174,-1.309788857828479,885704954.983556,788953028.173311,0.1,5.369288466262922e+18,0.8250000000000001,0.1558281341972861,354791576.6896308,68,135108,97.0
-33905554.02823167,159490537.32248124,-0.1035595343306238,-1.2220997118822383,163054647.55527553,143465361.19973898,0.1,1.8273649944641824e+17,0.8166666666666665,0.1524491414890249,7232555.242846151,66,136002,96.0
-70080926.01647402,191094966.7968072,0.6604554374333322,-0.4181692201869769,203540223.36235985,149600801.809011,0.1,5.84927618457884e+16,0.7972222222222222,0.1833122883544046,-31797292.57802308,62,136003,96.0
-27881908.471194025,264403637.8312864,0.1100084988576603,-1.5735454926062946,265869675.8158292,247677223.68876183,0.1,9.644965706945908e+17,0.91,0.2333571416424951,26295889.31050909,64,136004,97.0
-6521186.373327026,416589007.70709735,-0.3178856531534195,-1.2096269841544942,416640045.13980615,365539355.5653986,0.1,1.5377649534295176e+18,1.0,0.06478835438717,255050491.33467,60,136005,96.0
99043961.00248466,188225918.51575196,-1.0939658216990624,-0.3469539219690536,212693917.6661152,154037909.9969511,0.1,8.524773233026264e+16,0.94,0.1638427430325934,133151864.149,57,136006,96.0
146689940.12948564,224695196.78501147,-1.2326046343946415,0.236194940143549,268339095.164024,171436487.5023921,0.1,1.2188594541290512e+17,0.86,0.2550816862627865,155973604.41213638,55,136007,96.0
106401718.22911032,392415492.8658148,-0.4540380784066259,-1.287968619553142,406584855.4523734,352347926.25207555,0.1,1.1260276262012444e+18,0.9266666666666664,0.16983652270476,251983237.35459995,58,136008,96.0
-43693899.58312401,245481001.65287247,0.0606637300642624,-1.0996259570975986,249339284.9778745,213550260.272014,0.1,5.431761987473712e+17,1.0074074074074073,0.078217452155344,97079717.55341998,58,136009,96.0
164731174.29369262,369861263.0191678,-0.6404550081823822,0.5025029839364734,404887285.1378677,291930597.6857981,0.2,9.36693270519991e+17,1.0185185185185184,0.0474305499069099,553957077.3547,59,136010,96.0
-352040562.633774,455172575.1705804,0.8785342097397144,0.1009319505954882,575425608.5081041,360370736.653237,0.1,1.1406649883702182e+18,0.9851851851851852,0.0649997362029046,36474491.06532001,60,136011,96.0
108658414.76265536,499784942.8578947,-0.2418999089959237,-0.53632926639433,511460301.6913457,410319488.1064559,0.1,1.5024436063624727e+18,0.977777777777778,0.0444444444444444,545872153.3579601,61,136012,96.0
84938369.51673001,499169822.42913264,-0.2893105151704964,-0.5593001525891603,506344781.9816972,405121103.8388117,0.1,2.4205802427900145e+18,0.9,0.1960725489313699,455070395.53063625,59,136013,96.0
-93737487.35945731,398843355.4329504,0.2119178495890251,-0.4837194678924259,409710554.7938439,330115621.2069464,0.1,1.2656573177035374e+18,0.9833333333333334,0.05,298934927.49120003,60,136014,96.0
5823989.222337977,425446036.4864381,0.1228688405049748,-1.0288553368003917,425485897.31327343,366473264.2093464,0.1,1.9564184513393708e+18,0.8138888888888888,0.1629918955797844,158125883.51843074,65,136029,96.0
-313478717.02516633,946655379.3901818,0.627167500275206,-0.948838942418091,997208761.170956,793955233.5583706,0.1,3.447691846063087e+18,0.896969696969697,0.0989383498019061,119835962.39788333,68,136030,97.0
-136500078.44756797,274856686.6766818,0.8356477687827049,0.1944999431761886,306885108.18721044,206485061.6389851,0.2,3.272229449743027e+17,0.8899999999999999,0.2902297940138699,-53863536.88640001,57,136044,96.0
-31159766.068788,244592452.0205564,0.0367852861919713,-1.4241030532119414,246569257.2217586,227434878.7252198,0.1,5.577034901145168e+17,0.775,0.2253084305765962,8652434.110061536,58,136045,95.0
80569171.05907999,532103743.7674048,-0.3710630895618017,-1.283750740469482,538168919.0732174,472553994.6115621,0.1,4.125466495795652e+18,0.736111111111111,0.1822992723281089,153690719.36289233,58,136048,96.0
137713300.341034,406253163.9492127,-0.2594160796721834,-0.5957112280350891,428959888.928517,339927466.9664918,0.2,1.271649597777529e+18,0.7722222222222221,0.2013074547999271,289874044.8093769,55,136049,95.0
-189502205.1224633,316231593.9900129,1.0853530641133002,0.4547262932502978,368664490.8093815,236613601.52509105,0.2,2.0939568245993523e+17,0.9851851851851852,0.1572221131614157,-82005260.25860001,57,136050,96.0
-211950282.1291933,674754618.1388521,0.5066642217189701,-0.9582114250540128,707260006.4999807,583463712.5500579,0.2,3.649010169925623e+18,0.8566666666666667,0.1751507287389287,-2449268.169272721,59,136051,96.0
-137148750.30908132,408352303.1063458,0.6590890303354258,-0.9482303999480712,430768363.6986352,356401421.6400115,0.1,2.2761974015057567e+18,0.9133333333333332,0.2135415650406262,38830105.19645453,58,136052,96.0
147030413.42946,387186270.3704847,-0.4829079407239201,-0.4295844919048135,414163193.0008315,323605993.016432,0.1,8.681834333573514e+17,0.9566666666666668,0.1256538454998051,302903309.2662091,62,136053,96.0
155242568.79634202,555669617.1600944,-0.258419395545838,-0.3152287994543563,576947986.0449578,458909118.92367154,0.1,2.870440067948135e+18,0.7999999999999999,0.2293307493394477,416854848.9775309,59,136054,96.0
13566821.538644005,223317787.30191112,0.2928247541910836,-0.8753743787279036,223729508.0495262,178073746.30848822,0.2,1.94086578233806e+17,0.7435897435897435,0.228852438324971,50724444.25030718,59,136059,95.0
213547735.97752,351978091.6708262,-0.8702259850271029,-0.3518124139845864,411693104.8212505,292943661.59901977,0.1,9.36685051129289e+17,0.6948717948717948,0.2083086770419477,237189833.0278857,59,136065,96.0
262485624.58204865,1478027857.11222,0.1176882595542491,-0.8125900448354373,1501154572.158367,1244200476.9025066,0.1,2.117194504271108e+19,0.741025641025641,0.2172689247622037,1126830524.3522143,59,136067,95.0
4745496.044510981,370969834.81105727,0.4659491972591597,-0.6106627981725485,371000186.0814245,299713458.0553351,0.1,2.54922571230849e+17,0.8515151515151516,0.1725411011574153,88633349.4603,66,136084,97.0
35262637.12573332,465752275.4241669,0.2091663156862368,-1.2972821156228682,467085255.21562994,409795865.327888,0.1,2.60512194577514e+18,0.6666666666666666,0.1851640199545103,96202363.93199998,55,136099,95.0
-217665825.6881967,879286285.7003306,0.2033561097825982,-1.0971196607983291,905827126.936044,759602036.8993974,0.1,7.15498342894459e+18,0.6642857142857144,0.1540275618060559,19826405.739713304,57,136101,95.0
271832724.789912,470624513.8275488,-0.5458104439252939,-0.8595283448844722,543489156.5451188,413614391.6726765,0.1,1.7369262185287754e+18,0.6904761904761905,0.1438851898070298,292918420.5948,59,136102,95.0
-105101837.33363502,428751301.5924066,0.2576150413849713,-0.7503807884857538,441445438.1099533,354573419.80963886,0.1,1.8471777963263296e+18,0.6928571428571428,0.180466138682259,-39054156.1237,59,136103,96.0
68993896.821456,472587071.1657762,-0.1371367517736976,-0.9652955345781352,477596793.9922295,402898050.02552,0.1,2.538682721581896e+18,0.6422222222222221,0.1502918970569859,92469819.62039998,61,136104,95.0
-110577288.90880798,697034378.850059,0.239225245220702,-1.6074624938147666,705750849.8906039,648373442.1978993,0.1,3.575931173149642e+18,0.7564102564102563,0.1645426790475328,-10037387.75832854,60,136106,95.0
-99452809.63193733,505707242.9663577,0.3261409396256471,-0.8282890911502725,515393710.6060968,421907153.9483558,0.1,1.4413548685561682e+18,0.8027777777777777,0.2105804734595996,51939372.04258464,58,136108,96.0
67080014.26815501,220186016.7149967,-0.3985827317550911,-0.7597592839839296,230177345.26019865,186538209.4017847,0.1,2.676633639642713e+17,0.7944444444444444,0.0524110062892033,239441158.60800764,75,137004,97.0
85274703.3006,87412595.99601027,-1.3743357042096402,1.855534028114305,122117717.64067271,62176972.99193601,0.1,4.043089768292197e+16,0.8272727272727273,0.1594296537935261,123341480.5797,77,137005,97.0
-52740585.03013733,53477776.1928606,0.987422513056978,1.8095552616647712,75109532.39006907,40801914.143695705,0.1,1.931475458951001e+16,0.7583333333333334,0.1871447251411274,-41735161.3204,80,137006,97.0
-176881028.85786667,253790172.90485224,0.6541087708360174,0.1271016156513198,309348266.89815515,199225533.6261789,0.1,5.099725741590482e+17,0.8151515151515152,0.0329175166400006,146562698.46487498,72,137007,97.0
-14673132.048783334,8186666.151447472,2.8099640869196554,9.243280820736286,16802449.428469896,5130377.729552,0.1,675436561558025.4,0.974074074074074,0.5093636256693316,-12271868.242499998,76,137008,98.0
-128541646.246531,118754789.96839088,1.2952495401012991,1.8491678534290288,175001871.30486616,90855816.7030807,0.1,4.854495229383487e+16,0.8181818181818183,0.1458957953601299,-55209069.240966655,73,137009,97.0
37263297.087142006,57187344.939734615,-1.171686702083136,0.1127341848413596,68256470.25052494,45749017.92092529,0.1,1.898078734316608e+16,0.6595238095238096,0.1322447054952268,54973312.693320006,99,137029,97.0
-22448870.325056005,118292947.11112615,-0.1419402888903519,-0.9400141180835327,120404207.21514209,97989988.2830289,0.1,1.8805579971351005e+17,0.6547619047619048,0.0972699915038833,9726223.74912,89,137046,96.0
-63828699.60143367,186167412.43575677,0.6003128300852235,-0.6024058208480603,196805508.9316232,153441168.5380105,0.1,2.327011191089837e+17,0.7999999999999999,0.1189176780021126,92357209.960175,71,137054,97.0
94769634.35555267,172025173.07844153,-0.92636382444031,1.957893768455305,196402504.48645735,126585872.94268093,0.1,1.6917729057193312e+17,0.8242424242424243,0.0552147489645109,217241264.1359167,71,137068,96.0
26947453.590364665,35633424.550862655,-1.5002200917842328,2.943602447666941,44675566.031410046,25211401.58427841,0.3,1.4177595523808754e+16,0.8545454545454546,0.245884397273949,44693656.51595,76,137098,97.0
89109030.428632,205307398.58334628,-0.5823699866861767,0.4303571101513945,223811409.93477497,159798640.18790722,0.1,3.981328549471997e+17,0.8,0.1517573821278656,229505413.4194,71,137101,97.0
60135695.57524067,38474946.64295825,-2.513698400637025,5.501842510740856,71390639.4529178,23634439.496934254,0.1,1.2880999409969946e+16,0.7972222222222222,0.2047845902285172,68877800.7956,71,137102,97.0
13323493.351182004,92661782.79298264,-0.0844313791333287,-0.994562962247282,93614750.2557844,79056669.30168638,0.1,9.608972329219011e+16,0.6466666666666666,0.0418108616049483,69699096.96277499,91,138003,95.0
-46368346.55274967,76806853.7794951,0.8107545128566921,0.2508373043012004,89717982.30868009,60258409.79745303,0.1,4.515894873481518e+16,0.7358974358974358,0.1172779141131207,-2136458.2731571407,78,138004,97.0
7548205.773781666,61815823.196739934,-0.1383799272520069,2.000904359689472,62274966.14125103,44663345.502224594,1.3,3.535422170261753e+16,0.7749999999999999,0.1440968038815882,67927795.60991539,77,138005,97.0
-14188839.63658,9791865.193786891,1.4337845604511894,6.532199788103318,17239599.595288716,6357550.605079734,0.4,1879884966791702.5,0.8272727272727273,0.1339517339715172,-8346520.693324999,73,138006,96.0
-65094321.192438,116183319.66388476,0.4113032471022282,0.088845898612611,133175952.85795672,93212086.45589446,0.2,1.6861587765569184e+17,0.7256410256410256,0.169541284664785,40682001.288828574,74,138007,97.0
-58793387.69732567,83189578.51508506,0.6514922289906175,1.0805257370722172,101868387.68943752,63991884.09560783,1.3,3.245655988706652e+16,0.775,0.0721687836487032,11423666.1993,77,138008,97.0
-28958333.609002,103615160.53939956,0.2057897851659018,-1.0241707165226726,107585717.3560496,89823299.33948392,0.1,1.3740448841710643e+17,0.7722222222222223,0.0755637250485302,26010274.672961537,79,138009,95.0
-105680141.902035,175895831.5101048,0.6569247162427287,-0.1584984467256207,205201452.07835504,144675719.7916677,1.3,2.138883251028522e+17,0.7939393939393941,0.0467492382440652,98223621.977,74,138010,96.0
-13568783.914830005,127447503.03691292,0.0776824737101702,-0.8059144012336072,128167772.57669447,107459798.04807292,0.1,8.821408296430336e+16,0.7787878787878788,0.0794841033248727,80983085.36930834,77,138011,96.0
-53459731.475118,156807973.51697317,0.3022619698218951,-0.2372932232728413,165670406.07148728,125674374.0068525,1.3,2.528634786889805e+17,0.7805555555555556,0.0287335567577461,140971066.6345615,77,138012,97.0
69697104.30907732,42073195.36657523,-2.246075304786508,7.738890611386646,81411547.81371261,28340812.09355748,0.1,1.4253004196294978e+16,0.8848484848484849,0.216661368869327,103139137.56533337,75,138013,97.0
22281033.224824004,72128092.8772674,-0.5724926544259497,-0.6190282034947536,75491100.29452096,58546606.42736156,0.1,6.420617519565154e+16,0.7555555555555556,0.1149342270309844,57947523.91823077,80,138014,97.0
-2686812.961353998,98284955.42779036,0.2576656259614009,-0.9653960522646448,98321673.23297565,84645867.4449508,0.2,6.113657877665122e+16,0.7138888888888889,0.1350297178081848,29027159.19332308,75,138017,95.0
20722311.759265665,44720411.11124303,-0.6920017911742253,0.722217001294911,49288227.54580235,33627621.385504395,0.4,2.243800789077825e+16,0.7,0.1708986518564415,49186159.46066666,94,138025,94.0
-20757190.554187004,42312139.68510149,0.6846932108370529,-0.5328164940630908,47129376.4486055,35767042.193415016,0.1,1.0854373390074398e+16,0.7277777777777777,0.0837028842962187,-4681369.9669615375,80,138034,99.0
16662749.985911664,43084509.47759448,-0.4947936264069159,-0.0214175385669941,46194395.69923962,35432344.92913873,0.1,1.942782138032012e+16,0.7307692307692306,0.2060875004862576,43481004.18535001,80,138039,94.0
-34287198.419526,36376660.32302839,0.4745626948770552,1.626704320496481,49988732.647637054,27256578.21858704,0.4,7773237909585586.0,0.8484848484848485,0.1458957953601299,-6050029.218049999,69,138043,96.0
-29085867.546258,19842695.814509567,1.3484228801034028,3.406990503078081,35209661.57329007,14850288.037703482,0.2,2350193568511399.0,0.7512820512820512,0.1786058950489026,-14958632.956821429,70,138044,96.0
-15165773.262536,132486511.38947834,0.2799877230399156,-0.8221251030157881,133351701.82193038,112262479.99103396,0.4,1.6073294285669744e+17,0.8866666666666667,0.1739731780093318,104802937.3014818,70,138045,96.0
13549832.978636667,17627551.87805239,-0.5573370068055639,2.035283821443272,22233500.82560949,12685767.228024555,0.1,3108049475988184.0,0.7888888888888889,0.2671292284482513,21110049.47080769,71,138047,96.0
-11737048.412759995,36534027.25882328,0.6664491727643926,-1.2572780104637236,38373082.40410085,32715164.1827076,0.1,1.121216896727063e+16,0.9133333333333334,0.3048496897379647,-2499522.202799998,76,138051,96.0
40558219.80100001,136647816.83586898,-0.0845114805784502,-0.4548625343532348,142539801.59743252,111559004.99739334,0.2,1.2489635079281475e+17,0.9703703703703704,0.1908036573687593,159833388.14749998,72,138053,95.0
-72392484.97391266,191149108.45719695,0.762198664524704,-0.098295879306248,204398271.87302592,148557463.7115105,0.1,1.3081662404993091e+17,0.8212121212121212,0.1401822243178228,53251451.06868333,71,138054,94.0
35779656.632406995,136744410.76089266,-0.6856747893974111,-0.8726285548957176,141347860.6243359,113679458.11533104,0.1,3.263984894355906e+17,0.7,0.2884000748519375,85273029.11741999,117,139001,98.0
145463446.73475835,180787013.77070627,-1.6576802607571606,1.813927150139972,232042148.50773427,122879256.03236257,0.1,1.0640426518300344e+17,0.6266666666666665,0.0573488351136175,166166614.53843752,98,139002,98.0
-78641521.88561465,439499476.7454965,0.1635700111640122,-0.7842318606696308,446479875.273288,364689057.3134008,0.1,2.261864178047043e+18,0.6897435897435896,0.0696568087549032,225439071.43434283,92,139006,97.0
-18902440.12281901,385860497.9127941,0.0881415380680656,-0.6320921617338575,386323214.5394658,315573677.5109255,0.1,1.294504342133127e+18,0.6976190476190476,0.1312118641281414,201113931.92586,81,139007,98.0
-75370606.86152801,371997788.20213246,0.2561643269421953,-1.5687015026708475,379556429.0141239,350381819.3647036,0.1,1.5984804630282125e+18,0.7025641025641025,0.107386623545497,68556564.34440002,81,139011,98.0
38173518.66154602,336800478.9216823,-0.1447281066352445,-1.172602636495255,338956900.1051284,288955973.18552184,0.1,1.1346559078779404e+18,0.6794871794871794,0.0842650088469486,154380484.02848572,87,139013,98.0
-49913425.769247,18097603.937608782,3.2571305579746075,26.601566459339598,53093063.014905095,8951179.23470364,0.1,277408642850616.0,0.6309523809523808,0.0426582687313545,-46244627.43282,91,139022,98.0
159433959.522975,168193511.29781982,-0.8637588296174673,2.909245613560932,231750393.07812077,116855829.64313616,0.2,8.78777545414675e+16,0.8121212121212121,0.1724878723728207,308390865.225625,77,139040,97.0
-57255408.52218999,204913657.1344321,0.3780101101003951,-0.6163721686980752,212762282.1019987,170869563.42319226,0.2,3.639398664534864e+17,0.8633333333333333,0.2311565126344774,58983346.36772728,70,139046,98.0
-72962168.28006066,238638797.8502465,0.448896542955351,-0.7872612636900977,249543490.8779203,203032933.55748188,0.2,6.348972621144852e+17,0.7153846153846154,0.0687064667024321,35828467.822150014,82,139047,98.0
-40708609.11922132,120754714.10239752,0.4395506772584676,-0.3337941868576508,127431910.58119357,98948646.48657444,0.1,5.4703412067922616e+16,0.7694444444444444,0.1228205053857452,-21480039.947076924,80,139049,97.0
-47720263.6176,643029329.0833856,0.1472790048297993,-1.214417529888989,644797597.4064747,564802758.972194,0.1,5.009280103590743e+18,0.7102564102564103,0.086117208326906,278663000.88839287,90,139050,98.0
273210123.78824204,609507926.5431734,-0.3634374338986458,-0.1647224838951162,667939880.7223185,483115624.94472,0.3,4.1564961182e+18,0.7461538461538463,0.1008836696046461,833120761.5268285,73,139054,98.0
66950758.32301699,312040323.8750525,-0.0957007049608386,-0.7028124750402602,319141924.17179334,263793798.68443745,0.2,9.298950618072416e+17,0.763888888888889,0.1702168188872614,169237243.73951536,73,139058,97.0
69791406.48115535,44175243.23631981,-2.243651083983374,4.758770300566081,82597170.25180627,32235417.14689262,0.1,4709645738546932.0,0.7090909090909091,0.0899954085146515,85832765.81366666,83,139060,98.0
79587724.74733001,164830296.54391515,-0.4561740511398457,-0.1749628574465718,183038882.72498763,133924844.44049042,0.2,8.627383873863982e+16,0.7461538461538463,0.1727299465958901,105289341.94371428,88,139061,97.0
-252374609.3713393,648681487.5223311,0.7367254953072514,-1.0043820424835648,696046417.7836996,564605411.1633476,0.1,2.475666043932589e+18,0.6952380952380952,0.1125865754051132,-103496414.90454005,80,139062,97.0
-54213698.30578065,139516724.3346836,0.699337474711262,1.220828760282001,149679796.40910226,103140085.80007236,0.1,9.728596159556446e+16,0.7025641025641025,0.2056723551810818,-18504903.39389286,90,139064,97.0
-211541321.02787468,191061164.2300639,0.3005752690074064,2.1423900040434214,285051046.2692003,149799699.70401594,0.2,3.611173882936129e+17,0.7256410256410255,0.1633798186879383,-99112063.66388571,90,139066,97.0
17379655.643546,25164852.122338258,-0.977381315207958,0.4751204991420636,30583037.988849185,20510758.5591868,0.1,5451054356254142.0,0.8636363636363636,0.2430673288503693,21355408.998775,76,139094,96.0
-5097252.949544004,87363378.27799433,-0.1298179596341473,-0.7542455831031512,87511952.62234506,73182890.91475655,0.1,5.362461578760486e+16,0.7051282051282052,0.1351454764420968,38797651.445,85,139098,96.0
-28046108.037262,210536890.92345455,0.0670912993863972,-1.1390196293925794,212396719.8799275,180078169.6471411,0.1,4.614249199537037e+17,0.7179487179487178,0.1067110361368452,51345321.037800014,87,139099,96.0
87530228.87568,95059630.06077738,-1.5526865675352568,2.172975713029925,129220254.7370991,64826831.1683808,0.1,9284881984350582.0,0.741025641025641,0.0838739858143391,107657235.68708572,75,139103,99.0
46993519.796472006,187841254.847826,-0.743493807743484,-1.2588686139592882,193630389.9848041,170868170.14951056,0.1,2.5591416238971133e+17,0.7205128205128204,0.1856098571369626,87394314.771,88,139107,99.0
69811872.762346,122580705.6401061,-0.7903454518089476,0.7496721882957424,141066392.077675,92951571.53115322,0.2,3.598682931671532e+16,0.6619047619047619,0.1060526545300956,114134979.38986,96,139108,98.0
44953136.13717865,542980924.3237762,-0.2380435081167178,-1.0184915715145182,544838571.1640377,465549932.633122,0.1,1.789469123920885e+18,0.6380952380952382,0.0547101204432193,316855803.3824,94,140002,97.0
-25166123.51355269,693488060.5501554,0.1001449948596388,-0.6542271132122339,693944539.497441,563988747.017902,1.4,4.145222807890268e+18,0.6976190476190477,0.0511212156037711,636463770.5941666,86,140003,98.0
33960697.09231033,577503200.6638023,-0.0831866819020347,-1.2123021026653158,578500886.5368587,510004620.6095488,0.1,2.1812100375963136e+18,0.7051282051282051,0.017764623667373,416489729.6764144,85,140004,98.0
227898787.743706,611008391.297823,-0.0963531546424501,-0.3148719408221616,652126607.1027958,504101704.91690654,1.4,4.019816484136178e+18,0.723076923076923,0.0400525624405469,976795823.9853858,83,140005,98.0
68683067.49699493,483281897.6923886,-0.3905835764287593,-1.1214584932826144,488138050.5532765,420881223.329236,0.1,1.2668340324528187e+18,0.7333333333333333,0.0272165526975908,338969026.2597692,82,140006,98.0
-191155470.52311337,670376581.8722897,0.2323913817558828,-0.6272970771126105,697097679.9801356,559495106.578943,1.4,3.0930471417393777e+18,0.7333333333333333,0.0184900065408409,571664993.5996429,81,140007,98.0
-386954297.9019834,343437931.8461105,1.0772246240864716,2.7790796827124677,517381137.7461982,254378855.28131205,0.1,1.311082050880594e+18,0.7230769230769231,0.0303388706825621,-81378191.64803569,83,140008,98.0
24733107.663305003,673702014.0741416,-0.0206556816185527,-0.7360928625221668,674155865.0506866,555753107.9070538,0.1,3.1201051101185674e+18,0.7128205128205127,0.0208308677041947,635050594.5790142,83,140009,98.0
-272057658.6944249,852843714.7984947,0.1717478026252084,-0.7316499972215711,895185886.5764073,702191553.1041331,1.4,7.049432975643359e+18,0.6974358974358974,0.0243252127705259,732263256.9061072,85,140010,98.0
300392949.01283234,544341257.0750735,-0.3699997703727113,-0.1914776565233591,621726087.5745021,438793496.1622111,0.1,2.1438843924027832e+18,0.723076923076923,0.0273771237231572,883211362.3763999,82,140011,98.0
157483726.8292093,567438325.6109879,-0.1463339906197774,-0.71736339212885,588886557.4864302,469183452.0529659,0.1,2.6848945151012603e+18,0.7128205128205127,0.02459400781186,714990879.8764858,83,140012,98.0
5217942.782282702,320085313.8454322,-0.679351496791834,-0.5145501358507785,320127841.7545216,266335872.7342313,0.1,3.2711106829093146e+17,0.6666666666666664,0.0454256762579497,173978117.21481335,90,140013,98.0
-29733489.03704901,196950892.19377297,0.3460943827714853,-1.0361225940107317,199182665.6771103,167033354.22077802,0.1,1.0880347103458723e+17,0.7205128205128204,0.1216260638526299,33090106.71420001,84,140014,98.0
48395207.70986667,28724127.426113337,-2.9236248108155767,8.539956095054029,56277629.88677415,16112599.388727108,0.3,1.9603632401157564e+16,0.8363636363636363,0.2705977466570403,59937946.34166667,85,140039,98.0
1164145.7280693336,11731943.183702286,-1.4074723357459649,6.935453813878917,11789560.048695652,5980910.640688106,0.3,3446794123330920.0,0.7230769230769228,0.2619403649050694,6743194.1158,86,140040,98.0
-61397162.631759,271734183.96299285,0.5130884123638126,-0.8925342263883147,278584059.6898256,228596521.69727123,0.1,6.029075823859729e+17,0.6761904761904761,0.0406857321205596,93289988.00928,89,140044,99.0
-145004699.30162665,171502167.25028116,0.8825416925445696,1.0487913871435044,224587079.30577523,129884478.819093,0.1,2.330979366455901e+17,0.7051282051282051,0.0536626911191188,-31232090.819800008,88,140045,99.0
-183733743.32166368,117534197.62410454,1.913928014602603,3.616531701686068,218110926.0127357,84405615.78086281,0.1,5.432399509894854e+16,0.6923076923076923,0.072975638311578,-123433656.51467144,85,140046,99.0
-76678658.18787,403341718.72066605,0.1603997293429998,-0.7049052608319366,410565656.9685695,336579353.2260761,1.5,1.612058947241069e+18,0.669047619047619,0.0234496614328478,378902381.2588733,89,140047,99.0
108565675.60810798,175799197.97624415,-0.8274047097245322,0.7679589881859776,206620095.65706724,134746180.43050593,0.1,2.178531051053761e+17,0.6533333333333331,0.0361068373539376,196590938.592825,90,140048,99.0
6726106.910133337,231649335.98026085,-0.1593494559298852,-1.396320897758079,231746964.1101309,206294082.6245989,0.1,2.981739023557009e+17,0.6666666666666666,0.0356348322549899,83358123.39516665,89,140049,99.0
-117882824.646912,275804502.3590774,0.3212795105733906,-0.1479964796529831,299940800.60617447,221435331.78312576,0.1,7.27510122300353e+17,0.7128205128205127,0.0620703509585138,145667223.35725713,89,140050,98.0
50012393.13319668,403240102.4144173,-0.0447359462535212,-0.6935296831036584,406329693.3059399,328879655.80145526,1.5,1.1199248371484303e+18,0.6948717948717948,0.0256410256410256,507342342.4041286,86,140051,99.0
-65467770.98144999,249489187.38442457,0.1206671501446172,-0.8551415728129697,257935813.0601877,212822993.27888063,0.1,6.822865903426862e+17,0.7128205128205127,0.0334318072061674,120455515.2851,87,140052,99.0
26381681.25745965,231135129.4218388,-0.2430832700837918,-1.371357814780842,232635855.2734732,208919956.32257876,0.1,3.35634536372152e+17,0.6820512820512821,0.0248598967046991,132368911.41692142,87,140053,99.0
-208405603.099892,290947729.17204523,0.7156719253520863,-0.1937406371004453,357887519.3602027,234182324.8923391,0.1,4.252100483104896e+17,0.6714285714285715,0.011664236870396,32357654.92168,89,140054,99.0
26266955.749496,28159770.26527435,-2.03320936689978,3.1648925728538195,38508773.36061239,18256084.20006187,0.2,1.6494949777488548e+16,0.6642857142857143,0.1545419682631502,33260486.9352,102,140055,97.0
54637340.504028,24397523.93701366,-3.691037922057715,14.557414009652902,59837096.78460556,13970900.945105042,0.1,725972293084911.5,0.6133333333333333,0.0468251277904566,63098001.640725,97,140056,97.0
59562594.11510135,21554171.771408133,-4.443335091341612,21.165610716115275,63342599.71355511,10170372.812381186,0.0,422374840234415.25,0.7027777777777778,0.0253067599420675,69064077.39493845,84,140057,97.0
-52219726.34707199,418587152.622024,0.3021538780312667,-1.1730566340506574,421831843.463692,365773218.81736577,1.3,1.6912596845058028e+18,0.7487179487179488,0.0211441314134239,565343147.3101714,80,140058,97.0
-23982334.34643197,280798155.3126462,-0.0173512742890393,-0.9074531771795248,281820432.8782586,229806399.0770949,1.3,6.645781535641588e+17,0.75,0.0713624032148062,287009671.67653847,80,140059,97.0
-46497109.18223734,409928305.3151922,0.3097818580278529,-1.2272908308153871,412556901.1189733,362749407.0490353,1.3,1.7685179146278725e+18,0.763888888888889,0.0253067599420675,610634582.0329692,78,140060,97.0
-90503223.68841968,351608532.6976363,0.3511300622870495,-1.0018422355421814,363069406.2624679,305049661.94695514,1.4,1.218426242804934e+18,0.7435897435897435,0.0240534141529407,453356378.0305214,80,140061,97.0
-67793988.85303332,386270335.8484128,0.268873584462678,-1.0954612598664728,392174447.5116281,334287408.37470376,1.4,1.459860547084123e+18,0.7333333333333333,0.0,545292061.3032308,82,140062,97.0
-47873763.247678325,239600914.0574212,0.1303290908580378,-0.8203926828958119,244336847.86508664,200788920.49617717,1.4,4.498542632534022e+17,0.7071428571428571,0.0421233476498907,253644575.45483333,82,140063,97.0
-96085107.544431,381298235.249854,0.2047592916336151,-1.173264456916944,393218377.109308,332091136.8509467,1.4,1.5734289627855877e+18,0.7076923076923076,0.0266469355010596,499920880.9383643,85,140064,97.0
-94593838.222224,242650993.52420363,0.2653920381216825,-0.6335797940672512,260437130.39406532,201553924.8474115,1.4,6.086703125297078e+17,0.723076923076923,0.0330361505813465,226577130.6898929,83,140065,97.0
-86897849.45879334,257006511.3030117,0.4547872208211926,-0.6721478311704723,271299802.97211456,216997239.5403502,1.4,5.4387738524402566e+17,0.6974358974358974,0.0243252127705259,262900388.9752,86,140066,97.0
-90484055.44261935,261394536.66106603,0.3130093324997248,-0.7033501988091624,276612487.2192078,219893140.9524856,1.4,7.78443675455114e+17,0.7277777777777777,0.0266435084628484,288084266.0903231,82,140067,97.0
-43781836.076272,142237812.4647982,-0.0987948281441804,-0.5369499709456109,148823534.64751688,114610877.03925776,0.2,2.3597626984336653e+17,0.7138888888888889,0.037164133778499,79472499.8726077,84,140068,97.0
72616732.874221,458367707.8216387,-0.5304423737723055,-0.930156747310304,464084200.8375088,386139913.28982574,0.1,8.466691626905998e+17,0.7472222222222222,0.1601263004592482,401195541.250723,87,140071,97.0
33430143.117384,32035871.66764432,-1.955002554937846,2.256580971713019,46301960.45908373,23277136.948030505,0.1,6179413847223071.0,0.7999999999999999,0.3380225721150279,42155195.6072,87,140072,99.0
4524091.025160001,12865319.120640345,-1.4908110044313063,3.4501214366734363,13637589.071380883,8324415.923844,0.2,3402060186175643.5,0.7888888888888888,0.2664350846284845,13644713.290153844,85,140076,96.0
129774177.79116268,149527337.9947731,-1.5443086611701178,1.611779190922798,197989297.76423627,106678007.23325424,0.2,3.857702022141626e+17,0.6066666666666666,0.0519258730913241,166489935.410425,100,140084,98.0
8582967.550165,19258545.39780062,-1.2879248761766335,0.9478644756822736,21084565.51144303,14444480.575623332,0.5,6867363898497567.0,0.9499999999999998,0.5856145869464358,19586530.47384545,88,140093,97.0
9747435.134823002,25289202.19665237,-1.1441763584365494,-0.0232261164905129,27102698.01054406,20518001.640763287,0.1,9874853563838938.0,0.8733333333333333,0.6075085733277076,21949455.52004545,86,140094,97.0
-22264184.542815004,602722339.2297932,-0.2540553671381119,-0.6127651354591435,603133411.5434084,485576358.0686093,0.1,4.79479407240764e+18,0.7179487179487178,0.1879331507877814,257297337.42015007,88,140097,96.0
37225337.68294871,366027211.6395842,-0.1044720136298102,-0.7882018435412506,367915269.35730535,306789178.9430175,0.1,8.042903178360774e+17,0.6761904761904762,0.0694977119967925,142363415.01501334,91,140098,94.0
56968095.553772025,342461748.0909561,-0.1816329204651582,-0.372314928933279,347167701.2864779,277632538.4877987,0.1,3.4019200045311725e+17,0.7025641025641025,0.0243252127705259,247922195.15115,85,140099,98.0
130357615.76531464,572980954.8709549,-0.3194762515599983,-0.9526783065027558,587622568.17863,498636937.5676184,0.1,2.794865801651466e+18,0.7025641025641025,0.0158061897512024,528941377.7577143,84,140100,97.0
-23426161.074981995,487677030.8868321,-0.1302673190975689,-1.1944798334568314,488239358.7957727,423796531.88568085,0.1,1.1488440840110796e+18,0.6857142857142856,0.0273550602216096,204679086.52544004,87,140101,97.0
236704770.585129,414588992.94501776,-1.313851221981636,0.5778441514374548,477402536.1148834,302385967.6126982,0.1,6.908118020826353e+17,0.6714285714285714,0.0304910677972992,383633431.6341601,89,140102,96.0
49808413.60674667,565214154.9943856,-0.2313639780040743,-1.1098060291645564,567404546.2208054,499010871.5899403,0.1,2.231497068137102e+18,0.6595238095238095,0.0185958325616825,320957761.5197333,90,140103,96.0
-76476572.58817068,547229556.7567558,0.160375537384315,-0.8223845810986337,552547603.3275588,444766582.7900359,0.1,1.6814637081289464e+18,0.6476190476190474,0.0349927106111882,171693597.05042663,92,140104,97.0
-126968337.72468066,466139985.5099316,0.4493793555316603,-1.1324309447192569,483122598.1836989,404923291.81059074,0.1,1.128896151245194e+18,0.6857142857142857,0.0273550602216096,26699364.597793363,88,140105,97.0
100787255.71988264,392436153.029751,-0.3109350227356987,-0.64200234296184,405171821.7254689,327892772.60815465,0.1,1.301871384405133e+18,0.7153846153846153,0.0248598967046991,377384934.5213285,85,140106,98.0
-85548671.67812665,305834910.54365337,0.2454266769507872,-1.0656060772298106,317574507.37289405,264136987.94842243,0.1,1.276332122128481e+18,0.6923076923076923,0.0395570477449782,15666708.559885709,87,140107,98.0
-14487995.324285368,446593399.61404,0.2607711691184257,-1.0550701320819087,446828341.2982463,388149244.136483,0.1,2.646491157752047e+18,0.6833333333333332,0.0413079799354701,213507102.77548,85,140108,97.0
-596833574.9745746,825818864.8271815,1.3848589461651708,1.146893973368856,1018914674.4067364,595145736.8217918,0.1,4.285348590048318e+18,0.7666666666666666,0.0871354841186562,-332245822.7126154,76,141010,98.0
246998121.922496,543632169.9136215,-0.6742956504985346,-0.3925069815811475,597113061.6543511,439281450.8926685,0.1,2.599865188249875e+18,0.7461538461538461,0.1928368787380837,361801562.5710572,83,141044,99.0
-235615556.16863367,449224754.67288977,1.061575963210707,0.1383627656591599,507264793.2979112,346127958.8560671,0.1,2.605456375603604e+18,0.8727272727272729,0.2977417299288879,-172450893.97479165,77,141059,98.0
185938300.80930337,412660791.6106798,-0.8123898899854444,-0.0299379386798013,452616814.3591264,335431116.584354,0.1,1.3774309729283456e+18,0.8566666666666667,0.3409301003627186,294393859.0925455,80,141061,97.0
14196463.528439997,84254008.17044392,-0.6474823165304868,-1.295879491182894,85441661.20517297,77717777.6542768,0.1,8.566596323573598e+16,0.8575757575757575,0.1995403349473251,26078170.120125,71,141093,96.0
48539199.72643668,300673811.55779153,-0.128743215040702,-0.289214329964909,304566568.8593764,232237219.13558957,0.1,1.2687201306862848e+18,0.7805555555555556,0.3215870175808458,171736533.32603842,81,141099,98.0
-139762646.287792,611566565.1208218,0.2980850066173552,-1.2070641539582498,627333452.6956513,536543587.1405326,0.1,2.5139546823019494e+18,0.6452380952380953,0.1288577059784267,69659827.29018001,75,141101,98.0
-10492619.363162994,423120043.99013,-0.1496131350448337,-1.3163445528005775,423250123.08008814,369474007.0493,0.1,8.182252972495322e+17,0.7777777777777778,0.0797372227467073,105225347.9373692,78,141103,98.0
25749909.524424672,191431740.7835577,-0.2008522849662696,-0.3914360821932305,193155815.91021097,150136897.5615242,0.1,3.949788525918953e+17,0.775,0.1743373698279244,77927637.79622307,76,141104,98.0
-140016546.46732497,439616869.9407438,0.6394103147475998,-0.6568769063526183,461375796.5272273,360584965.8847456,0.2,2.487922575859967e+18,0.7435897435897437,0.1222192337211588,2746161.878785712,78,141105,98.0
-259493578.3649133,533593217.4876425,0.7533810672841184,-0.1529847181996131,593345294.8843884,425741644.7658072,0.3,1.931011289621335e+18,0.7472222222222222,0.0659100584316926,87808036.58446154,81,141106,98.0
138102200.95192668,129372450.34454703,-1.687239445037223,3.882480394876304,189233846.9088409,87419107.46640752,0.3,7.377641304086278e+16,0.8083333333333332,0.292854723180093,216686690.8410769,79,141107,98.0
-71641951.4616,217283135.65275252,-0.2522301149957215,-0.1217484342889765,228789270.3959666,176519602.386608,0.1,1.9616971870973773e+17,0.7472222222222222,0.096665070229474,49688903.7,81,141108,98.0
63215097.809094,25095758.957459487,-3.94794921692114,17.549141404944706,68014305.17666286,13054930.45857764,0.1,921783370585617.8,0.7111111111111111,0.0785674201318386,76317052.55210768,87,142011,97.0
8364513.079281311,208830197.94467452,0.0903967689355097,-0.8990204119612626,208997647.4811749,177706371.63358122,0.1,4.139802208294791e+17,0.7722222222222223,0.1580162517036432,116658849.9988154,80,142059,98.0
69033902.18544,126412370.91029245,-0.9569510080691088,0.2915263083668336,144033909.79248688,98986523.6559936,0.1,2.502310824552253e+17,0.8757575757575758,0.2188541828517308,141437199.474,76,142072,96.0
-39417402.18107799,105379371.29293792,0.3403160942567148,-1.0931752803962416,112510192.82180493,94683408.782155,0.1,9.672944884143238e+16,0.8606060606060606,0.2373328999903184,4702721.407058333,67,142099,98.0
-88479977.14673333,62352053.797083855,2.075416012269569,4.912201377889386,108242713.23558412,41494985.84019556,0.3,8.208109036937654e+16,0.6952380952380952,0.1694328273776876,-46863251.03533334,76,142102,97.0
-19824404.742389,131804772.60139827,0.1619642313949843,0.0414204048805881,133287302.86076154,104244260.30451536,0.3,2.0643720011380445e+17,0.7972222222222222,0.2347016756293186,79872470.2800154,71,142105,98.0
-16855146.01546267,69013365.42103077,-0.0470619156216449,-0.4347841846683091,71041822.56909865,52488396.48030036,0.1,3.83909518529978e+16,0.7777777777777777,0.2191453658146224,8673923.796523072,68,142108,95.0
-23612942.40677334,139022793.9824274,0.1820213558709561,0.5552844465422129,141013858.52385592,100971540.78489964,0.2,1.005289041579983e+17,0.7777777777777778,0.1996911195067936,32550837.921153847,80,143002,96.0
45433641.26029199,336708095.96518147,-0.1486831378838773,-0.2223201622214401,339759558.5802801,265834481.70667085,1.2000000000000002,8.5512905770463e+17,0.7777777777777777,0.0532870169256969,526127786.7994384,76,143009,96.0
53533718.976532005,206774658.0355382,-0.3519889935780867,0.4140636062993437,213592177.46249992,162377180.26917526,1.4,1.6350226622982634e+17,0.7025641025641026,0.0530465663219928,227696126.87050715,79,143010,96.0
28354254.74028,23415156.50592747,-2.477992405925028,6.700002049495817,36772725.16517872,13578004.3401408,0.4,1.1488539287048106e+16,0.8400000000000001,0.3072458299147443,39453229.64863636,77,143011,96.0
16688309.564987663,264594602.2421884,0.1373814114663805,-0.4237373642511812,265120356.087266,213581371.73085117,1.3,4.106374403889676e+17,0.7972222222222224,0.0287335567577461,346986700.4261,78,143012,96.0
34208583.99153434,43623997.98440665,-1.5636378072016397,0.9321790816081296,55437175.42271949,32330305.65144329,0.1,5682349359622682.0,0.8757575757575757,0.3375763016153605,39109343.67934167,76,143022,94.0
-63181929.214495,103614689.32213823,1.443943751517316,0.9154612992623196,121358806.94283664,76615183.40334126,0.1,2.1486761945380668e+16,0.7805555555555554,0.1887867370838466,-9660657.3642,83,143029,97.0
-803517.3462050025,107950983.89282174,-0.7156030823332608,0.5741699739962507,107953974.2832746,82112247.96386157,0.1,8.412388252695117e+16,0.7230769230769231,0.1808737650107528,61774253.95767858,82,143039,95.0
-28751259.129802,32830579.75321517,1.6116521489595654,4.3376607137538885,43640369.71063885,20336254.66295649,0.2,2487786902768595.5,0.9433333333333334,0.3890301330802595,-14929561.028099995,73,143040,95.0
31540181.58135667,110003114.87870556,-0.2734451483934421,-0.5616715519487068,114435433.04939534,91069130.88976526,0.1,1.6135572574897677e+17,0.7358974358974357,0.078947714453029,84921973.18157141,73,143044,95.0
55870983.97179999,127962684.5052706,-0.4973255137370342,0.0196963480174003,139628132.8234842,102579992.58491068,0.5,1.1431416049788698e+17,0.8121212121212121,0.1832769760610599,158203109.68256667,80,143049,96.0
-23456601.327836,21262721.41650477,1.2539743867364446,1.9490096037649824,31659366.195313007,15350140.44003523,0.1,6440361008375515.0,0.9333333333333332,0.4073400617738524,-8825209.628880002,78,143054,94.0
-91339939.10534966,146494455.8114887,1.187835589310137,0.7360439546018718,172637220.95560157,109389988.60767944,0.1,1.4228929901051405e+17,0.7153846153846154,0.1159246621072545,-70250074.7211,83,143060,96.0
40975618.17495434,36628675.110532254,-1.931089196533727,2.949207229900339,54960541.52910589,25051392.887062788,0.1,4870838919866975.0,0.8575757575757578,0.2947660976801738,43102056.76190833,79,143063,96.0
190233477.2553587,238180576.25832337,-1.1783384702714148,0.4922871023827717,304825790.86326027,189377858.9447008,0.1,3.702412263671338e+17,0.8696969696969696,0.2952330171834812,335954066.5954667,78,143065,96.0
-74634594.521556,30431360.263079256,2.8469346165858243,14.647986543516044,80600188.5038639,15869416.559066722,0.1,260294323225037.8,0.8545454545454546,0.3213836020257661,-57877367.07174999,76,143067,96.0
-9604946.481152,5258635.3811069485,2.901823333916244,8.629600384924021,10950262.23326291,2693150.62669312,0.3,690517122722454.2,0.7277777777777777,0.3592258480072712,-7065569.28,86,144017,98.0
-12789283.620753998,4940113.352351272,3.668160905987603,17.908330007850576,13710233.238941118,2835377.9144066805,0.2,70513072405298.94,0.8181818181818182,0.2900239057940703,-9567925.061116666,76,144021,97.0
-21800390.398202,43119653.33238091,0.5585885302723227,0.3349247913692963,48317300.47321276,32409048.690493926,0.3,1.190544853801843e+16,0.676923076923077,0.2443846678450021,-9406102.91415,81,144039,97.0
1548443.0427866618,142030652.77559486,0.1526509840556261,-0.6733633568329078,142039093.22337404,114730835.64852388,0.1,2.474277769045432e+17,0.6642857142857143,0.0750283393170892,40243401.23829999,93,144040,97.0
37968400.97265666,294552821.5504576,-0.2697349407463514,-0.6927686937720852,296989838.4722214,243797948.37473825,1.4,6.91768802317058e+17,0.7102564102564103,0.1179487179487179,320217965.90805715,81,144043,96.0
-90238541.78180803,238993422.15800136,0.5198923038628203,-0.9046873320255612,255462032.9084143,208710296.4370084,0.1,3.2234375545543334e+17,0.6952380952380952,0.1075389503870115,6627026.327973326,79,144049,97.0
-54791193.2776587,390613220.6813896,0.2702737591736296,-0.7599607859642652,394437273.8875951,323459219.5196557,0.1,1.4148005665094572e+18,0.7277777777777777,0.0590563656263036,199022548.78493845,84,144050,96.0
62199771.872319005,130524796.51704662,-0.3081307855633076,-0.6245659664833374,144587461.8588519,113049782.64449324,0.3,1.8024239650698928e+17,0.7638888888888888,0.1812805955445526,110538786.64416924,83,144051,97.0
156079499.73859102,168772982.30510703,-1.616208899048972,2.395717121312316,229880685.99777755,116664909.15006018,0.1,3.401802051583542e+17,0.7512820512820514,0.1159246621072545,274145520.35129994,87,144052,97.0
218520158.25280336,328234624.1955424,-0.7833541757114696,0.4752046928032531,394320970.8899834,249679934.8538188,0.2,9.03976132541888e+17,0.694871794871795,0.0651705898827632,494426600.2789286,87,144053,97.0
-174251998.57583266,368546719.9148574,1.0050183387429958,-0.2585962480637604,407664621.6777614,303053385.1053982,0.1,7.879273533771681e+17,0.6923076923076923,0.0232189362516344,-51892160.99702142,95,144068,97.0
44977292.464234,115969456.90830514,-0.879527853795598,-0.3144849150329967,124385979.00495252,90581070.05597883,0.1,1.0333475541210472e+17,0.7128205128205127,0.0768375593013933,84370202.11452857,88,144098,96.0
-67548085.00082666,351410576.11938256,0.163705002933445,-1.3615837222104823,357843732.3690821,314204466.06582165,0.1,1.1292128342007602e+18,0.7,0.0506369683541833,130183236.07379287,85,144099,96.0
-110120763.708136,122343675.87514848,0.3673101549124414,0.7339082033975637,164604245.4686589,95926351.13213632,0.2,5.221510724639666e+16,0.7538461538461539,0.191502588203465,-45176659.0493143,82,144100,96.0
-11485610.634646663,93450952.31239632,-0.367667071042494,2.136102639952269,94154127.57677956,62323032.98671703,0.5,1.3130242910977008e+16,0.669047619047619,0.0971533607766817,40740036.80304,85,144102,96.0
-2825687.1503800075,250620580.46177357,0.0466514524925907,-0.9445689622624908,250636509.4292293,204455217.55007225,0.1,2.3867122549831808e+17,0.7666666666666666,0.0720082299823095,92695813.13026153,81,144105,97.0
94535009.34198332,266687087.1827916,-0.442425864378029,-0.6223524482225282,282946762.5920657,222102392.20126,0.1,5.031540453875736e+17,0.7444444444444446,0.0532870169256969,270601463.3687692,85,144107,97.0
-95406458.637308,113258749.82419547,0.7223998550291199,0.2440715564076998,148087598.27025378,95704627.29380368,0.1,7.28110804919482e+16,0.7153846153846153,0.0516652350759228,-50883510.29382856,86,144108,97.0
7526115.290796992,230678112.3884817,-0.0519674728577285,-1.2964331768782846,230800853.4353445,198777767.30700275,0.1,1.5996485565309446e+17,1.0074074074074073,0.1653860263834526,54764237.41865,65,145059,99.0
-76881049.41781767,156143993.64557976,0.7512570206198069,1.2360789548231814,174044943.94028166,111013692.66815044,0.1,3.764313316619045e+16,0.7777777777777777,0.2118408440548624,-36834752.36110001,67,145064,98.0
40907206.77674401,96484503.58340688,-0.6962307498795435,-1.202325520712885,104798182.22665766,85724962.31693739,0.1,4.6886275618418e+16,0.8393939393939394,0.2627816168324703,57680167.63831666,67,145065,98.0
-96168768.070886,130857239.80352645,0.8869508605370611,-0.1751471631809895,162394732.55395165,109723699.1532753,0.1,2.936928861480552e+17,0.9566666666666668,0.1202312586458095,-42332472.881109096,65,145067,99.0
-78590616.978304,115902842.80731112,0.9775131965576728,-0.4340017420579412,140035545.6584033,99836079.59258856,0.1,6.534478810014619e+16,0.8866666666666667,0.3789459064299283,-38522696.55709091,67,145068,98.0
-22616457.847143333,7904534.079503448,4.643233369094054,24.97212645543718,23958001.26399618,3426060.2632150888,0.2,31573841876493.867,0.9333333333333332,0.3326659986633239,-15837432.424018182,65,145072,98.0
-31104768.668590005,74354842.62811701,0.7513605759688723,-0.38085734058471,80598692.64559162,59856425.79026294,0.1,3.5869802898904684e+16,0.94,0.2133333333333333,-4185217.6564363656,70,145080,99.0
-2033027.1359920024,51974133.504910655,0.4401699160130082,-1.1133770947825188,52013880.38708472,46210532.21220234,0.1,2.6644439707516336e+16,0.7777777777777777,0.2100852266798782,12067591.67187692,73,145093,98.0
-1676467.6619559987,93226573.16275764,0.468562545254845,-0.7819859585853668,93241645.67130178,76868284.12030075,0.1,8.396501353595954e+16,0.7999999999999999,0.3605551275463989,2609477.874369229,73,146001,98.0
67002834.435504,121203238.33970223,-0.5713023051548441,-1.3991289846916724,138490450.23546654,110680341.66076992,0.1,9.08305612266129e+16,0.8696969696969696,0.1976909870339405,79983417.50819997,74,146003,99.0
145822675.79301333,147516007.67436886,-1.372078588052362,1.9473168793785745,207425228.20433083,114929831.85252592,0.1,9.592978592319597e+16,0.8090909090909091,0.1596023525122872,145757516.52658334,69,146008,99.0
-4864580.544694667,4724119.002047383,1.294321246272306,0.82348173400647,6780961.894991523,3751354.368930764,1.0,356997443006709.9,0.8939393939393938,0.2168731798191865,-1965480.340633333,61,146018,99.0
80583641.3652,49206324.9604601,-2.644871098787677,7.050144996927083,94419201.81715988,31157446.534256,0.2,3.690981288647108e+16,1.0333333333333334,0.4207576939724776,101331461.673,71,146029,98.0
2176328.087850666,41469639.7312167,-0.3151329404422393,-1.071975985029504,41526707.350606,35999010.55405028,0.1,1.3796790881196972e+16,1.0111111111111113,0.4981447060324421,24250519.9104,72,146033,99.0
14865695.440762335,175607136.97018278,0.1160864198047065,-0.3651791075333768,176235227.62433743,142551737.08996123,0.1,1.4927080127454643e+17,0.9433333333333334,0.2595080816553589,185673975.73273635,74,146034,99.0
-239645413.83654305,374295153.463265,0.8476798792351081,-0.0127811112141329,444439856.7623937,288420261.2500895,0.1,8.02419348230708e+17,0.7282051282051284,0.1370296329834604,23937641.19379288,71,146045,97.0
95673029.98093867,219812969.6106,-0.409600607826292,-0.1746272003499469,239731245.92919493,181106124.99364665,0.1,4.272747322096568e+17,0.7555555555555555,0.1030402055055078,234207118.45558465,74,146046,97.0
234278256.730861,455689513.6278887,-0.8072687671155274,-0.010588478654598,512385825.7283012,373430007.0272114,0.1,1.7026337159544535e+18,0.9533333333333334,0.1713994684290992,554890307.3336272,57,146047,97.0
-27065027.45149498,459815443.52929735,0.1388874882167535,-0.7098294354497732,460611287.1163652,381387876.1426657,0.1,1.3479755995372918e+18,0.8303030303030304,0.0501604404765056,356992012.76722497,67,146049,97.0
151992196.01401332,107822461.40020788,-1.390449352815324,2.3310844464561957,186352651.79643023,81889847.24008574,0.1,3.269364170091501e+16,0.775,0.0806512841164332,181073015.32,74,146052,98.0
81930866.15322967,37810426.755115,-4.092009496277804,15.679436566814612,90234667.395754,17149957.66042615,0.0,720512851524949.8,0.9518518518518518,0.0355246779504645,94792844.47274,73,146054,99.0
39162392.67400999,255777530.0295701,-0.1794425974110655,-0.6563404859098507,258758261.44875255,213126246.61060813,0.1,1.4552334745561286e+17,0.7944444444444444,0.2185106715477459,46461711.05065386,67,146057,98.0
51569421.23025066,33266742.859738145,-2.6708679698332807,6.4803517278404215,61368407.07170887,21592798.201043624,0.1,3376112596750722.5,0.8484848484848485,0.3877840793465792,63945057.4976,64,146058,98.0
151229990.4334153,357983814.88335526,-0.5603053818899786,-1.1931336764054346,388616677.1060286,324097602.48928684,0.1,5.798288501966582e+17,0.7194444444444444,0.1487343725580839,203724800.8327077,69,146062,96.0
-22412303.60355333,114880283.0515008,0.3989534201626378,-0.7907510217020026,117046105.38933276,101173481.40711528,0.2,1.582798542613661e+17,1.0703703703703704,0.5188887567081545,28476966.483299997,64,146075,98.0
-85260452.37506999,122185114.97008424,1.4000239937839924,1.2874706537470546,148991768.42850843,85198614.33258,0.1,6.854521164982009e+16,0.9166666666666666,0.2841165644981338,-37693611.444681816,63,146083,98.0
-64693892.28457868,227931303.7982244,0.5700918387806586,-0.1319927645973151,236934545.70848697,171245029.8079091,0.1,4.78776550039582e+17,0.9166666666666666,0.3019381835188565,-54527347.91356365,69,146084,98.0
-164959810.46739134,373783445.57598335,0.4500033835895093,-0.3963501369304438,408565543.40288144,305260400.99055845,0.0,7.824012347086163e+17,0.85,0.1714318782749838,166865512.4637091,62,146087,97.0
-132591013.49130836,327579192.04575974,0.3112559317605037,-0.4225945216207663,353395676.1478627,267654075.5548029,0.3,7.727985780185632e+17,0.8363636363636363,0.152059627761144,60956669.63708335,65,146094,98.0
-76296180.400176,273728755.89190125,0.5380053625854124,-0.5361680453341497,284162873.9750924,223285287.39090464,0.1,7.564901468308928e+17,0.9266666666666667,0.0866666666666667,33317145.8928,66,146097,98.0
112450847.67764504,363475981.9065226,-0.9848807862203058,0.067172558936182,380473366.4349341,280833125.4104722,0.1,7.656191920857714e+17,0.8636363636363636,0.071710057976965,231763824.099125,68,146098,97.0
-93718137.15340436,706998045.6867223,0.3206433602111835,-0.8087368392315821,713182533.3225353,586400241.5004863,0.1,2.2873860115399828e+18,0.8303030303030304,0.1452650280509925,450980123.3036916,65,146102,96.0
11625226.796256669,193298388.0438983,-0.2848700898225447,0.774371437734052,193647650.94995064,148857317.20744678,0.3,2.842186076078033e+17,0.9266666666666664,0.1884439203347009,158226338.92448184,66,146103,98.0
12604660.307462674,235920131.7437426,-0.117356387898824,-0.6930100101712728,236256610.53915805,198735280.1099985,0.2,8.649058864121684e+17,0.8733333333333334,0.2444040370643114,80874846.0212,63,146104,98.0
-115565550.13224998,222865565.44340867,0.7005558490474152,-0.0881738570352275,251046722.0215788,182491572.37736365,0.1,3.1549550307905664e+17,0.8212121212121214,0.1094270914258653,-11302501.503050003,70,146107,95.0
-84950576.65433897,440215515.4622949,0.1772704387962709,-0.5475273525722324,448337262.03343695,362663527.5877866,0.1,1.2027977537230157e+18,0.8393939393939395,0.1229421986369745,391884051.5029,64,146108,98.0
-43218838.29658233,342648134.06207806,-0.3014587200082332,-0.1924226573603547,345363014.46438926,271682739.9138556,0.1,1.0030494479635008e+18,0.8545454545454544,0.1950253686024737,105051664.90030833,70,147004,97.0
10910448.682818668,17042114.394175097,-1.7786929503209223,6.49061471002309,20235403.46730377,7596131.835591822,0.5,198441727062176.16,0.8066666666666666,0.1896195020443719,16257876.982218182,67,147014,98.0
53305018.86867301,25552112.69831301,-2.8886633334573597,12.7337648863564,59112904.681946345,16024673.04119352,0.2,1429294972856526.2,0.6785714285714285,0.1231898411454907,63770058.7722,69,147021,97.0
-7840557.383425667,38471970.647960775,0.0201214782585214,-0.4255518814261729,39262792.38185112,31718003.070941582,0.4,2.228413548313897e+16,0.8242424242424242,0.375806448434606,13324677.310000002,73,147025,98.0
-13732445.427714,22979277.19229896,0.1260541414232459,-0.4493306491338749,26769894.24158516,19663512.33446704,1.0,3743793835178564.0,0.890909090909091,0.2327225378306215,5765667.226149999,67,147039,97.0
115325268.88330798,179811789.23213947,-1.224576745855244,0.1260984273496075,213616940.3157686,144350832.82273173,0.1,1.0764858040000632e+17,0.6976190476190477,0.1460942757775471,124058430.65053332,67,147040,97.0
-5200842.449194998,409227377.10864073,-0.2196619294746066,-0.7960929261578342,409260424.34787047,336850369.9383434,0.1,1.1992765947900613e+18,0.758974358974359,0.1628558411097478,200429295.42517143,75,147044,97.0
-70557054.46194667,654028140.835047,-0.0856158026941603,-1.1048271290626075,657823005.7838463,566885537.6301434,0.2,4.894401551269096e+18,0.8111111111111112,0.10122703976827,403557122.3969231,78,147045,97.0
193380335.93964,360398924.66845965,-0.6718122663499053,-0.0859016528490084,409002859.6847583,291336669.11685926,0.1,6.765629884713289e+17,0.796969696969697,0.0331953065154646,397267769.5365,76,147049,97.0
-109663203.00378332,148377263.5339805,0.254744799679254,0.9619928258422972,184504282.9499665,111782588.48177633,0.1,1.8430242455658656e+17,0.7833333333333333,0.1126285274039627,-32776966.155769225,83,147050,96.0
-244357549.42473003,239004499.37609985,1.1669704498674387,0.6303489103347721,341809541.5328242,193717963.73868656,0.1,1.5548973839317856e+17,0.7636363636363637,0.1329194678755231,-179622667.89315,81,147057,98.0
152580751.79965633,475398203.6139239,-0.6901030290737272,-0.4570288641466544,499283824.912338,387431777.7213001,0.1,1.8230704673083256e+18,0.7512820512820512,0.0769230769230769,284649163.13148564,82,147063,98.0
49445640.749325335,492431007.53630185,-0.0742820337775793,-1.0477817275220611,494907232.2893743,421854982.06555504,0.2,2.5481824799014564e+18,0.7083333333333334,0.1262896435741034,286959663.1712462,83,147065,98.0
-162384471.117522,272259126.3310669,1.161587662109465,0.121960216429271,317007489.3920855,213440093.097281,0.1,1.912088285717205e+17,0.7583333333333333,0.1546351739968531,-69511640.12709233,80,147071,97.0
-9013214.752542002,27035590.60742623,0.4349753371651348,0.8199152001585253,28498442.05685276,19943739.33107556,0.1,7478741012545947.0,0.94,0.4038151392242082,4202335.050136365,68,147093,97.0
599841703.202318,428778468.0535593,-1.7547176738277832,3.724890633101765,737333739.6098288,303707645.55485255,0.4,2.60109878701287e+18,0.811111111111111,0.2262141452389147,884957527.8457845,76,147094,97.0
-2270993.8889336674,41561583.23449472,0.436085087812925,6.8389510062327545,41623582.42873151,21904819.90684211,0.1,1257489304375650.5,0.7435897435897435,0.1794505457120276,7755422.959014286,75,147097,97.0
123563519.13688567,66481597.85317202,-3.076820038654292,9.178068250154466,140313029.0265391,39298581.50470588,0.0,9614802726563688.0,0.82,0.1266666666666666,150163426.75967273,71,147098,97.0
235502609.685588,344293525.1345279,-1.3878014369127971,1.3036794925581257,417132485.6904365,249365609.7752988,0.2,3.714343684037585e+17,0.8121212121212124,0.1350441209403466,365945169.298,77,147099,97.0
381099605.371366,710536978.680086,-0.5774013056412848,-0.5450667084307415,806287608.2924975,590572197.8406417,0.1,3.0572021646122926e+18,0.7909090909090909,0.0753321387554912,1028575109.4528666,82,147101,96.0
-394060767.5082293,685473134.8240621,0.7729234165772606,-0.333451087838982,790668898.4996828,561017476.5925102,0.1,2.485889559900322e+18,0.7282051282051282,0.1484081654203875,-70691203.45462862,68,147102,97.0
-160649862.41895235,159346080.366724,2.477614497814262,5.481604724754666,226273179.19600368,88082346.28964634,0.0,1.2851291959003928e+16,0.7388888888888888,0.152651462933712,-137681836.3534462,81,147106,96.0
73497554.74107666,117758987.32060257,-0.6457040831655324,-0.725235464023958,138813074.4839671,104913834.45562568,0.1,8.44141855810495e+16,0.7555555555555555,0.2557969874049187,84506278.69261537,70,148008,98.0
433140423.7538572,694782957.1874928,-1.2312654981252753,0.7215257268023496,818739265.1435918,512031971.2424532,0.1,1.920855189174147e+18,0.812121212121212,0.2519711091634837,628554039.0830333,89,148099,98.0
93972036.71789996,687207999.7353779,-0.1209764178689344,-0.6235423643662732,693603329.4219468,567451400.0346841,0.1,6.227644804350022e+18,0.7916666666666665,0.2240721609958125,272578970.03192306,85,148103,97.0
45252760.61359731,1239607052.3196046,-0.0184564534781084,-0.645665304603352,1240432769.8443196,1016307697.6765814,0.1,1.17209956245888e+19,0.7435897435897434,0.1846153846153846,498741592.3400857,85,148104,97.0
-407508378.10958,775356621.6303945,0.2163521066016826,-0.3045448350678201,875922924.0838484,650513012.3576832,0.1,7.285400378928866e+18,0.8055555555555555,0.2609928810343633,-49344219.91061539,85,148107,98.0
61585996.20792994,738532296.2396274,-0.3005413917173176,-1.3054055988019633,741095666.9134557,663732871.1287991,0.1,2.7004072149774234e+18,0.786111111111111,0.2127676237786075,266642299.28980768,86,148108,98.0
-43495708.902324,286020476.15103704,0.1955331151344939,-0.0901775904117334,289308813.33029187,225204955.27743664,0.2,9.894126849966606e+17,0.7071428571428572,0.124835492656365,102368244.47088,86,149005,97.0
-17238246.758407973,638796216.0946614,-0.2588633683808721,-1.054126527171194,639028765.2744287,549774634.5175396,0.1,3.925934482413748e+18,0.7888888888888888,0.1770819716723247,345801970.2751077,84,149007,98.0
-197464419.4079613,418306323.3525269,0.3828412126442554,-0.0237831322064367,462571483.22052026,337156667.626199,0.4,1.1518898309754638e+18,0.7416666666666666,0.05464532103585,78094954.4072923,83,149009,97.0
-4419991.786728,3666339.038357397,2.5547363901411817,5.820526607253786,5742679.630531936,2127557.80632528,0.1,54458885931524.85,0.7102564102564102,0.1581866340019198,-592614.2052,86,149018,97.0
52342287.866176,41270373.627790734,-1.926468160420033,3.4700861000170558,66655523.69041203,30625809.85215616,0.1,4777382752813432.0,0.7153846153846153,0.0211441314134239,63661778.31085714,89,149021,97.0
-18981643.703203,207489224.0737143,-0.0024846003082707,-1.1827773677580091,208355659.64088276,177483274.65595645,0.1,3.081835200793728e+17,0.717948717948718,0.1009488188975873,107825528.16057858,81,149043,96.0
20700824.066000003,234898549.5498493,0.002970233621385,-0.6339377892734235,235808932.6078096,192336014.34788,1.3,4.1966401279667584e+17,0.7583333333333334,0.0198373011903968,334055130.78,76,149044,97.0
-77585303.15429667,328994354.1472653,0.2216327855438526,-1.0925444538473688,338018881.61213773,284235550.2762734,1.4,1.0136590957214112e+18,0.7416666666666666,0.0144337567297406,416390548.541,85,149045,97.0
-109384279.08208331,482306447.5922247,0.2580131451809674,-1.2992006915334524,494554779.4727481,426559252.1961333,1.3,2.3208993788704164e+18,0.775,0.0198373011903968,685456189.5911536,82,149047,97.0
-107919528.660096,480501100.88109833,0.2857302852750849,-1.2943127962139656,492471250.5458209,424412100.1533031,1.3,2.2464266311902676e+18,0.75,0.0166666666666667,690989926.8184615,81,149050,97.0
-60259102.32200732,432614953.5424753,0.2273125880275007,-1.255552509817264,436791549.1870375,381036349.9810362,1.4,1.7152431376439355e+18,0.7410256410256412,0.0140441681411581,629000491.1097143,84,149052,97.0
101128858.348674,116554390.27552149,-1.5943918690603325,1.404995447298452,154311282.42421147,83983429.9586497,0.1,4.046675075510564e+16,0.7388888888888889,0.0184256932797522,169863727.5638,81,149053,97.0
78743090.924884,38608869.95958767,-1.4340854943498396,4.063400552425798,87699026.2657511,31647779.891292293,0.1,1.0209806232037504e+16,0.7000000000000001,0.0666666666666666,93122567.6102,87,149055,94.0
76126015.42572,187532276.30314007,-0.2472216616433291,-0.2386725996556351,202394478.3832658,152220235.7531544,0.1,3.210146209110105e+17,0.7611111111111111,0.0355729124301825,231148874.832,81,149056,96.0
129537807.84539734,253787871.46695945,-0.7856394457802467,-0.4725659194480962,284935654.78037494,215816650.7188199,0.1,7.117617866995263e+17,0.7611111111111111,0.2448859648948243,225079482.3018154,82,149057,96.0
253626568.339376,304861099.44336927,-1.6922354696655575,1.6998568339921096,396568690.2939112,215453309.0452744,0.1,3.5303332376078854e+17,0.7749999999999999,0.2099933861392358,409071515.97304624,82,149058,96.0
-55407185.07246399,624557617.4631958,0.0052798217151447,-0.596848771561604,627010505.2460908,521704357.8325245,1.4,3.710025845628085e+18,0.7102564102564103,0.0240534141529406,678272872.3063143,81,149059,97.0
32601895.612598013,500821438.0211192,-0.1468323470501782,-0.4946112088721115,501881456.5005131,403280971.044414,1.4,1.7571384414176476e+18,0.723076923076923,0.0201897637795174,656616696.9275143,81,149060,96.0
119559664.091395,128001436.6561832,-1.629680249425954,2.5009149055354056,175153878.2433723,90814883.5299293,0.1,3.987517131048061e+16,0.7333333333333333,0.0261488180184245,191799132.2155714,82,149061,97.0
163699114.13249335,293940087.80640244,0.3195893426384613,-0.7544011119931158,336449364.9680419,254716195.63936248,1.3,7.940811172609306e+17,0.7444444444444445,0.0157134840263677,653013269.3500768,80,149062,96.0
-33116751.528384,203328264.3752893,-0.0050063604928373,-0.6729546006062441,206007529.7790357,166665399.55198592,0.1,2.0268963175667206e+17,0.7179487179487178,0.0166172838420714,137769991.53737143,81,149064,97.0
-92769594.019212,288656653.3250534,0.3744346798004126,-0.5367922191303629,303197726.05233943,239934496.8993473,1.3,7.49685947899936e+17,0.7384615384615383,0.0177646236673731,244627167.06025717,81,149065,96.0
77530076.72829069,241740666.64510477,-0.5316482597423974,-0.2968368451184204,253868987.2897324,192452944.6176597,0.1,4.453924308806099e+17,0.725,0.0198373011903968,269152955.22335386,79,149066,96.0
7293946.048622996,400645679.6273389,0.2488309720419661,-0.6735307424312578,400712069.0134159,333795804.48488003,1.4,1.559859358091563e+18,0.7256410256410255,0.0140441681411581,579641939.19385,81,149067,97.0
12923892.529228,15899270.221894003,-2.43395604735459,6.408715622894057,20489358.010827005,8705475.226984402,0.0,188013040577730.28,0.7303030303030303,0.0264175693547919,20461252.64625001,84,149068,97.0
41018764.829592,33758217.2208601,-2.1840100667790407,3.441081131728008,53123971.03075173,23237257.86948896,0.1,2117324977565098.0,0.8060606060606059,0.2411329244130637,57429887.416,83,149071,96.0
-4763996.324306666,2742618.14583444,3.882552291373174,14.893603435544698,5497055.14542721,1305731.6539064893,0.0,5155389296885.916,0.7435897435897437,0.0273771237231572,-3410561.8442857144,82,149072,96.0
31267614.421924,31205471.8077936,-1.9478033349483543,2.3960306910855813,44175164.76919029,22630277.75967605,0.1,2613007511148286.0,0.7384615384615384,0.041025641025641,38118479.487950005,83,149075,96.0
8258379.682930668,23837298.901292343,-1.210001790510538,0.1875517792979573,25227319.593983725,18607231.436623182,0.1,2138307373242200.5,0.7583333333333333,0.1841522115996358,11779659.572238462,82,149076,96.0
49641172.88920533,34814718.65604589,-2.7786549315323983,6.187609852081691,60632587.61520577,20616163.115039,0.0,2068837119249420.5,0.7454545454545454,0.0293798779237353,64588724.5358,84,149079,96.0
154628593.52377436,153247436.5331265,-0.5665971875584408,1.325421839320935,217703419.21778643,122576481.20105548,1.3,1.636508096935646e+17,0.7666666666666667,0.0192450089729875,367425972.9395924,81,149080,96.0
-13428676.643561998,371407591.3907817,0.0182648546551845,-0.6321554444286086,371650276.8720874,299134272.9412407,0.2,1.2763931557399616e+18,0.7444444444444444,0.0283278861866266,445358959.93758464,82,149083,97.0
-11782136.162860006,231456895.33739585,-0.0284122502008978,-1.0057534940167083,231756581.6363936,197623260.8109181,0.1,5.4149165076802125e+17,0.741025641025641,0.0232189362516344,146574909.17635712,82,149084,97.0
34453881.37358334,294174080.01278234,-0.2288208057866102,-1.034599960953657,296184839.742131,251792864.5071056,0.1,7.406705722863872e+17,0.7416666666666667,0.0276385399196283,268661546.8984615,79,149087,96.0
79942750.28614199,191771049.13816288,-0.9730737178577382,-0.3453187998459497,207766644.60606796,148901338.82165176,0.1,1.5429413540560387e+17,0.7512820512820512,0.0812460488089993,179704905.0300714,81,149088,96.0
29628857.23646967,32691674.69837011,-1.5317056001145848,0.8882330369124736,44120457.56475281,25924013.33104564,0.1,4303322761724417.0,0.8575757575757574,0.3944286006725001,40941500.91616666,79,149093,97.0
15636571.962414691,192183172.40210196,-0.0973356088921271,-1.203400259380103,192818241.1943222,168297757.85236552,0.1,1.581079396041825e+17,0.7076923076923076,0.0296816330840775,131576153.60912856,81,149094,96.0
-166578219.23757935,398359897.3252899,0.3252831951915252,-1.060302712591335,431785723.3876295,347566473.12132657,1.3,1.5665188167692654e+18,0.7666666666666667,0.0235702260395516,452043367.513123,79,149097,96.0
55949240.96140601,313746104.2198123,-0.05806453975838,-0.6822251027388728,318695678.47284466,262316261.5740984,1.3,9.075801736931786e+17,0.7750000000000002,0.0276385399196283,525293380.95001537,80,149098,97.0
105253790.90182664,115287554.30376773,-1.7393628012764315,2.277965916476296,156107593.26999325,82981814.61082934,0.1,8.801313090099811e+16,0.7727272727272727,0.0547135457129327,161394753.61208335,80,149099,97.0
-9212322.393966,293212492.61178935,0.0055617561032361,-0.8772115450888514,293357175.9945698,241695648.49991465,1.3,6.663862222317281e+17,0.7787878787878789,0.0214274782177741,334812812.6437501,76,149100,97.0
2153509.746881993,192703621.2766889,-0.0499941691762703,-0.383525957602556,192715653.89811867,157661307.68122074,1.3,2.2794199918579504e+17,0.7722222222222225,0.0124225998749988,223700195.4604,78,149101,96.0
28311568.929423988,166782240.64562207,-0.0898292907266734,-1.0100011160274445,169168143.36635524,143805149.8568555,0.1,2.4789597107650534e+17,0.763888888888889,0.0213365159663017,136465087.5902769,78,149102,97.0
5131573.273476003,247141975.7141492,0.0069541699637919,-0.6750638359669034,247195245.1083033,203506851.82894272,1.3,4.532288646815224e+17,0.7589743589743588,0.0232189362516344,300200267.4699858,79,149103,97.0
-94595452.37033732,315559407.97331816,0.2105964784563795,-0.7306873794881428,329432906.02127135,262718804.4453236,1.3,8.549813880889825e+17,0.7666666666666667,0.0408248290463863,301748906.6314154,80,149104,96.0
-20369282.33496667,276860203.02673274,0.0738142814468912,-0.8018429239442355,277608500.73952216,231956536.81649825,0.1,8.175232963959186e+17,0.7694444444444447,0.0092128466398761,300847696.42,81,149105,97.0
107540102.262195,177899759.3536806,-0.6171416549263621,0.326521855819498,207877843.87149304,135632001.439125,1.3,2.0299287594859008e+17,0.7555555555555555,0.0157134840263677,289084160.3867308,80,149106,96.0
16458025.821614005,309949496.48638904,0.0930746589233851,-0.6167085194535287,310386141.7430086,255470557.12092745,1.3,8.81924961558211e+17,0.75,0.0215165741455968,452938133.9894692,81,149107,97.0
-78964815.24523202,337454822.23614484,0.2563388236216523,-0.7230644626708904,346570626.4199864,275622244.4742026,1.3,1.0678802014712018e+18,0.7805555555555556,0.0287335567577461,354860056.4350154,80,149108,97.0
