ac_dc_ratio,perfusion_index,peak_valley_ratio,peak_amplitude_std,valley_amplitude_std,mean_peak_distance,peak_distance_std,waveform_area,signal_skewness,signal_kurtosis,Segment_ID
11475167275.957035,46326225113.199554,2.115035439278531,0.7253355028754614,0.8785101593380769,23.333333333333332,1.3123346456686351,1.6512813354378295,-0.9863876493021811,0.45816586256724046,132004
5008696909.5058775,30879608322.70295,1.0581143488605642,0.9823745020297457,0.9671306916052403,23.666666666666668,2.1343747458109497,0.0022033282222650996,0.02337733738812773,-1.534638043292587,132005
3263009294.409608,28663081215.462875,1.1008208524341072,1.025666859289646,1.0318244332564084,27.5,9.254728521139883,0.4163645309537145,-0.8374344100852171,-1.1407402288071236,132006
15205625379.768585,42802059753.56796,1.6873027144089927,0.8819645155724776,0.8740494955030896,25.0,1.348399724926484,0.20892536447126986,-0.18214017575920433,-0.7235563760141019,132008
10856400236.155361,42586444247.26384,1.6099948336781145,1.002872883374051,0.9209725420907083,22.333333333333332,1.8408935028645435,0.3819793708146193,0.24104882001829467,-0.8410079435199789,132009
8053662201.26129,38977906745.60534,2.1716290133013696,1.103897622590031,0.9148307317141672,21.76923076923077,2.3908108104492394,-0.8902432118953669,1.105196310267933,0.4144027100670806,132012
4210708404.4120007,34384544353.72556,1.2282767135425052,0.9845548744600701,0.9586959898172007,24.272727272727273,2.1358800226310417,-0.06815357154182777,-0.09784245623650684,-1.1603044341630624,132013
7139101503.473577,34551142378.07996,1.3904199602392187,1.0039200724775623,1.039174459611108,24.8,5.81033561853358,-0.34840096652698094,-0.10866152707204009,-1.3521702525235506,132014
3210226567.1031337,41118119193.5805,3.0687622069516642,0.7582526630551767,0.8127725904405136,23.1,1.3000000000000003,-0.2778221467401636,-0.08138792135261336,-0.5781098383396182,132049
6950495377.663709,31696567621.184845,1.6088663203628761,1.0570197709665947,1.0584443947315527,33.0,15.684387141358123,0.2898433709445669,-0.3187722519122463,-1.5050886395191236,132052
6516782235.234208,45227205183.50169,3.864259634272972,0.7476165638828107,1.248087747306481,20.642857142857142,5.651891502056671,-1.287386660539454,0.7767836248012465,0.31736191570522543,132053
11870512499.38641,43789390206.52624,1.301025580106952,0.8675392949573287,1.0174428912446847,23.90909090909091,3.654500225862142,-0.048627350863846175,-0.5693846526330034,-0.3001506849216593,132054
11127519097.727829,53107496532.27001,10.951093546034091,1.38423656640215,1.0506465026989553,28.1,16.573774464496612,1.2345611064099842,1.5416735585938508,2.461458536724714,132057
13574902687.209938,53077798086.09879,1.1676910367937479,0.9491391958809057,0.9989887931393675,27.1,7.462573282722254,0.8691940971259058,0.3757480656056064,-0.24652562698177682,132059
8741843718.508276,45466011776.7756,1.803542703922375,0.930926470145932,0.9674187506930052,20.692307692307693,4.905014943670726,1.3938159544547375,-0.5368128525257319,-0.3141835378078355,132060
6970517844.753534,34245375767.51815,0.9635104684871773,0.9394838434336352,0.9271915744017244,26.8,6.968500556073738,0.3391536239568467,0.329353186722978,-1.1767756046462716,132061
2496022501.989607,29702086126.329975,10.142852362351192,0.968848255444486,0.9453276839542897,44.833333333333336,24.251574977491437,-0.02109855986037701,0.20581829357954254,-1.5669055512188765,132062
13218983988.903418,40852051733.30125,1.6381503306576313,0.9317843162935916,0.9890678453628079,22.416666666666668,6.369959881262118,0.9914434704037305,0.0931529018326182,-0.7564526416467818,132064
10915425261.512157,45143811819.54333,2.3187111742908093,0.9050804838628439,1.0178621847201734,22.23076923076923,9.082136703474118,-0.5715575530265369,0.032991518714736594,-0.7046072336067288,132065
7410075423.365002,40011598769.15177,1.827657618479625,1.0387046310161112,1.1495419864868426,33.0,11.324751652906125,0.9038531861464207,0.029216341961975336,-0.898453544731034,132068
22618229956.480614,63277782937.15611,2.7485877600286437,1.6536099684616852,0.5208753884481744,29.88888888888889,9.666028075969576,-0.2199335113888452,1.8664091072188815,5.176681625979656,132075
7939887956.467471,45437811880.13885,0.9302928874143643,0.9757889912781469,1.0823441889153016,20.357142857142858,5.93545211729778,0.8333726662947427,-0.6843248844465608,-0.6596143710361924,132101
9782753244.34126,48377826072.64264,0.5233829861262034,0.9441456912573157,1.2127191377279758,23.818181818181817,9.00321338410178,-0.5280555827654325,-0.5280719988346866,-0.16930831550764402,132104
4439304689.810275,88621714059.17209,24.895021904901572,0.34088291600624415,0.31450296411430073,29.125,1.6153559979150107,3.475538509951731,-4.768825101624212,27.988309123085838,133002
2419213949.9724684,39079529686.64199,2.5623646062496785,0.7828968137039485,0.7484821683591942,30.714285714285715,13.48771171648248,0.6014683671542542,-0.7963533216940422,-0.47318888057485253,133003
1496285572.719242,29314672263.851414,-0.8559347144400591,0.0,0.0,0.0,0.0,-0.5837693239624571,0.5497845921083921,-1.2582005006994939,133004
5162572686.129946,38651910570.29394,1.755290907200225,0.9348133398489946,1.064655111268067,31.0,1.8856180831641267,-1.013532348055577,0.9575815323122785,0.11816861243455135,133005
8762877275.974329,36237669375.167854,2.1404033888649,0.8479672078544593,0.9725139364721416,31.875,1.3635890143294642,1.959605403253029,-0.6851412274113368,-0.605043634711905,133006
14474150268.452269,39305600860.220634,1.5858718912270682,0.9154611674939062,0.8806202486580246,32.75,0.6614378277661477,-0.2706274482784323,0.04736297559324803,-1.060065455241446,133007
5741795879.261284,29036411077.36006,1.512687205102143,1.0109301606742076,0.9673153865320003,33.0,0.7071067811865476,-0.2000290034875718,-0.02874495795275247,-1.6765099608449525,133008
18913830374.538147,45072143116.9919,1.5196935843384025,0.8059429568175258,0.8587416443952957,32.5,0.8660254037844386,-0.7264294660529274,0.08911358528880713,-0.4752582534402916,133009
4041464087.371835,30630388007.265835,0.5567462753929938,0.8857790089466246,0.9681758525133671,33.0,0.7071067811865476,-0.10098701916386688,0.416980834011166,-1.475672175077207,133010
5530787131.804699,33569159174.390625,0.2783375326644112,0.844771193425628,0.8517798054928231,33.285714285714285,1.2777531299998797,-1.4611029194165255,0.16719844364020608,-1.2580540050339626,133011
12102394923.551857,50639300365.92504,1.9093921023512435,0.9174699971729028,0.7997058199669459,31.25,1.8540496217739157,1.267872577337073,-0.02920533686965656,-0.3731031395118345,133012
3499179627.065408,28630150779.616024,2.060199142839475,1.0315238662291,1.11624936111944,39.5,11.968709203585824,-0.7026546621935381,0.24476494800004056,-1.5895935469757012,133013
6899554000.081699,41164077227.66178,1.2529534999779506,1.123313263464682,0.9384608462574024,33.75,0.9682458365518543,1.2183997215387805,-0.6937795238584311,-0.09339672289563783,133014
60934531528.46431,60934531528.46431,15.250919577016985,0.0,0.0,0.0,0.0,-2.534338425775225,5.089575819510605,24.5416887243573,133018
8442016208.775443,40119184040.10192,1.2324681659253116,0.8663024565614994,1.1251182658996242,31.75,2.165063509461097,0.3177751918789795,-0.1531180911383921,-0.6414195613529783,133029
9306382119.045609,47366990063.649605,1.1905541163549564,0.8645778971154235,1.2524221279459842,27.8,11.600000000000001,1.0581916452483995,-0.5547271592087643,-0.09939151484093012,133030
7211638562.717777,31222522772.00501,2.1367482776159137,1.0437346402339953,1.1090736528235232,38.285714285714285,18.903622371797162,-0.8179754371083732,-0.6386098455317091,-1.2197773244371077,133033
4782866299.607599,30974204011.945812,0.6801503588896007,1.0421156719524494,0.9336230112030551,27.3,2.2825424421026654,0.17180629582287565,-0.31908317306011635,-1.5409648885206642,133034
13957087859.345127,48676667896.41223,1.1200399998749992,0.9880452771599759,0.8655358363150162,27.3,5.78013840664737,0.7304488594455023,-0.11508724093275986,-0.16458680933842373,133043
14282068207.231497,54063726208.65916,1.7788644962650502,0.7812067853208083,1.0450858207081404,25.636363636363637,8.552221691921265,-0.20635603932568714,-0.1928602667661397,0.7832179798900736,133044
15176410296.851686,49052114954.471756,1.367123325840322,0.8558965154758806,0.9374444989139253,30.333333333333332,3.3665016461206925,0.16618076598624043,-0.07764735465235999,-0.3107541705535284,133045
12287530951.372364,35014721311.76156,1.5888192871897695,0.8916745564247871,0.9312494435377321,30.22222222222222,0.7856742013183861,0.33688556685609683,-0.04812407787024854,-1.26008076730338,133046
17266854206.27441,40653768390.57389,1.4235467961236017,0.8498200271160461,0.8787996257650748,31.625,0.8569568250501305,0.03678797760478858,0.25048105112974745,-0.8059257511715736,133047
19239166766.69155,47639018426.05965,1.16622457586589,0.6257751628528327,0.5951882515979285,31.22222222222222,1.133115447465063,-0.4651538918396909,0.688786525867752,0.265296576355984,133048
10610565274.133055,36322652338.881905,1.2266668077077845,0.9555764180070937,0.9147994266034096,31.375,0.6959705453537527,-0.21455864378802403,0.0040437886687666015,-1.2538016214667247,133049
16004690142.810022,39725372856.8792,1.5187154986330347,0.7507688053372044,0.9521543412789327,32.44444444444444,1.7069212773041351,-0.35322451540467625,-0.10237148832437494,-0.8712680596736795,133050
23770020924.79395,71033303076.32959,1.6462270802305656,1.1378682699607277,0.6022797123462154,33.0,0.7071067811865476,-1.0075169273635467,1.4521785977480157,5.311485604957527,133051
15486131795.862434,43904965727.039734,1.8450067827339987,0.9609353884837606,1.2001174822803224,30.0,6.819090848492928,-0.5045354873366392,0.6467037556323962,-0.13800726725462242,133052
9635238794.952463,41655899078.127754,1.2696799045917297,0.7867728096866099,0.8048587132160693,33.125,0.9270248108869579,0.29078135302448516,0.2570599211042314,-0.7730069253334295,133053
24519017577.396076,42454380086.78243,1.4686411496817129,0.6441285336725427,0.6657301671921122,32.875,0.7806247497997998,0.31867458568635953,0.10269426698791705,-0.673493533768823,133054
1724792807.5184755,55598904007.828705,0.33993892365444767,0.6874794410483369,0.7288005402460512,51.5,38.40898332421727,-1.4399665389841516,1.4401845718633617,3.1230366781754544,133056
17945460833.659958,34732363563.8828,1.9471232470514501,0.2821400339475192,1.3965494438873125,60.0,0.0,-0.4144429607709128,-0.564462230818756,-1.02380867726617,133057
6599194281.478213,36724483487.11175,0.6523250020387817,0.9682767539738204,0.8852686838043231,31.125,1.0532687216470449,-1.5458095023549703,0.233061641719558,-1.059028628390451,133058
11432064593.131775,37000232061.06808,1.3138045890494574,0.8674933729740472,0.9297305288759219,32.125,1.2686114456365274,-0.7319740015617562,0.5197084300975955,-0.7604154663607803,133059
12723347041.600365,39436779313.44834,0.08230530055714404,0.13822778445146727,1.0193471662269937,133.0,101.0,-0.6496071999245885,-0.2512247119131596,-0.6163138542594364,133060
6751238378.950197,32434253788.29428,0.8314268058039379,1.0015259456350796,0.9666477988924995,33.875,13.042598475763945,-1.0845973421229615,0.16332516327320945,-1.5561241686595249,133062
8781711360.210438,37424447073.463524,1.342849761791684,1.0219656769432903,0.9114769155394442,32.0,1.0,-1.0610789418615099,-0.18185274099642662,-1.0896565752863037,133063
4726127390.669268,38024865095.622574,0.146448628350113,0.7870681148368591,0.942594590868193,35.5,8.32165848854662,-0.8237974274853883,0.63675576874675,-0.44196824114701583,133064
3755109628.310135,36460386689.19396,0.46057306285740696,0.8843443318579601,0.8528107823131439,32.0,0.8660254037844386,-0.767769664115022,0.8882588507781671,-0.5998353157852097,133067
8301589655.809933,39716804605.207886,1.1225416986760726,1.0373898395324277,0.8054081688846181,32.875,1.3635890143294642,-0.8330692841497012,0.9673109845282636,0.11254478040487381,133068
8033220440.329723,30233800141.07992,8.112473301151143,0.17912810339901916,1.0468295068970142,45.25,18.59267328815305,0.9864384527252099,-1.3858790950220237,0.2273821404680323,133071
20431856203.68091,42783738259.934,1.3293648655749408,0.8614616515195702,0.6526832088668411,29.666666666666668,10.176225014982498,-0.05464096112671868,0.5120607697075652,-0.3402400962014758,133075
8196525023.9373865,36472095182.90077,1.063045925962226,1.0254074151001422,0.9486433319303599,25.5,5.445181356024793,-0.12077817373688049,-0.028902283044946842,-1.1183173167487863,133084
9866536542.128101,47563232342.12788,0.9477957198700312,1.1409030019276392,1.0820994310527743,28.333333333333332,3.6514837167011076,-0.3084071672722217,-0.3371637966583062,-0.37508377755007727,133098
11180313400.517197,81300668551.02943,0.5582197536893201,0.723388231577596,0.9234743125471256,31.0,5.361902647381804,-3.4306099165809485,0.5879888191022405,5.102580786917981,133100
17581312845.239204,48412492741.318214,1.4955714163751503,1.0003142102587328,0.813624686671726,28.6,1.8,2.04532429598504,-0.9125449131186063,0.9570523331252918,133101
9717462274.75505,59191904177.20878,1.320768991410502,0.5282886520754847,1.454244807181687,27.4,9.254188241007421,-0.21647512516934597,-2.2250270195169155,6.774381593580527,133102
5172163367.398559,36306458057.664345,0.4973876361379846,1.1808338213587468,1.14745285726961,36.25,10.508924778491851,0.9890532874688347,-1.0957254146976179,0.11191074399439893,133104
9758549885.798996,37655060280.163574,1.3923892805175577,1.034425313714209,0.8775124647238154,30.625,2.117634293262177,0.5207967459674023,0.3950293727842323,-1.0171707268916308,133105
13617202752.261698,39797767613.27828,1.4494234734618208,0.867954432838741,0.9362240237877447,33.25,0.9682458365518543,-1.2808744760909434,-0.15791153300262498,-0.9620217054069515,133106
9134339888.107607,46311956909.33063,0.5145820825470637,0.945055133962227,0.9513603818771572,29.11111111111111,6.83852557930183,-1.116472089588818,0.468888967439467,-0.07638121407770049,133107
15598280877.306252,48622238699.880516,1.008581744538965,0.8249502515037955,0.901391037467401,32.125,1.6153559979150107,-0.7288209005619564,0.1319574481291368,-0.1049263289427187,133108
5011316310.22126,42600213931.11606,15.233368748390497,1.0874756572009103,0.8806934851061149,22.083333333333332,12.47970574795558,1.6809895255768907,-0.1695383405159226,-1.0420282294924161,134004
13900806657.31565,48502006456.01465,2.091470510958899,0.93357766357804,0.8668145983379025,29.1,6.905794668247819,-0.28882250696993594,0.738008738811465,0.5470236043248708,134051
1440359122.9419162,38300870262.88316,3.312112512176196,0.7841762006903383,0.7300215113211238,30.428571428571427,14.120472906458934,-0.8731159761542528,-0.046349289336673316,-1.0641739392746556,134054
6900123089.546619,43762839361.09749,0.9491730046817718,1.0330598705094414,0.9846579132247683,27.88888888888889,7.217947452849651,-1.338239767533878,0.5892585047763561,-0.12220330899798304,134102
5188616517.972825,61610943085.49213,0.05069816069825871,0.33335510994884593,0.29577138182927887,24.4,7.4859869088851605,-2.6813331845090005,3.482908006257137,13.050594501472812,135003
16049460689.919233,40521716484.07919,1.3835548346958035,0.9327924869073544,0.7947014666094382,26.9,2.3853720883753127,0.1878248129252711,0.024854556079175628,-0.8058902360163884,135004
18031175072.439545,45577857024.155334,1.484872111395144,0.8281860345717007,0.9189469127291405,19.846153846153847,6.9264948827633415,0.6097169403222509,-0.00912998946753599,-0.6108977924641832,135007
16162221668.400183,40299170363.0107,0.7136180741914663,0.9502670673726182,0.547733473719588,21.76923076923077,7.4848960339508555,-0.31619932454215416,0.3177980468571287,-0.7344457239407483,135008
17976252692.853264,44872098007.92237,1.7146492733341712,0.8466282430377866,0.6585595371709294,26.2,2.227105745132009,0.8449197722174091,-0.053064205336772606,-0.33342714923194006,135009
23006601728.4244,50332042567.50563,1.4989323263511807,0.9104864751370342,0.6034105709673481,25.272727272727273,5.7539063267078765,1.0841457746425789,0.2821408079355983,-0.42127769200182374,135010
25063160876.287727,44940603722.95721,1.3833823185731207,0.6720441736696864,0.3943129938173379,29.22222222222222,2.199887763691481,0.9253656112473791,0.4759366351673403,-0.3665931622782379,135011
6222716640.681428,29340397124.918793,0.3939540739232399,0.9522309895960623,1.1312155576039682,27.7,2.238302928559939,0.15558147133928912,-0.7697178242750056,-1.2197295400391004,135012
17362366816.450836,43115504396.81279,0.9009527513071942,0.8240553977138533,0.5518220615973909,24.363636363636363,10.429614542452287,-0.7477198506256393,0.08397496573144916,-0.29906976337197033,135013
8318561885.454974,37364539725.936005,8.173042938935584,0.4192083810096778,0.6694208683242124,24.77777777777778,4.491418429201719,1.6747230870374086,-1.1573229352114611,0.2802518507778826,135017
10681602024.26329,31876507607.380253,1.3456509676949795,0.4720633719373495,1.2102913545711311,59.25,22.060994991160303,0.14260172449512254,-0.938050926265087,-0.6363065832937385,135018
14980431167.142702,44725316414.10569,1.3353341780279895,0.8934861620690256,0.9083173042738493,22.333333333333332,5.3748384988657,1.279738819695254,-0.1002606282337257,-0.7357894531172113,135029
10086506474.702488,60344085750.69862,1.411511904218514,1.2122328680637562,0.7456403214012655,20.76923076923077,8.61263692447902,-0.5263369364966373,1.3994156393893562,3.0196393471373835,135034
7879580109.064065,32344713015.713154,0.9547597497044465,0.9427382513780013,0.9320959983561441,25.0,2.04939015319192,-0.19302466265239104,0.29624525661189943,-1.5783667789702593,135043
8266786584.427029,44245413553.79421,0.9301949687592872,1.06406671516572,0.9488704076674678,24.363636363636363,5.330405532461472,-0.6563556645229056,0.451054182695163,-0.5810451050528784,135044
14094288792.159174,48518159008.30221,1.224726718638087,0.9351499103318458,0.9955712926649781,22.083333333333332,6.435038634089326,-0.6860953156568712,-0.39261510202891503,0.06960737461158661,135045
17147522909.061989,46339649418.25092,1.4595479538186127,0.8457913439118052,0.733968990605337,28.555555555555557,2.408831487630978,0.4735871063970052,0.6057366009444407,-0.10562780799515092,135048
13229683218.333897,50717045449.0658,1.5025022757522695,1.1103135560078294,0.8133722317195742,26.1,2.981610303175115,0.48459466213643054,0.8354800658346858,0.45672928418545,135049
24153573764.502922,43599621723.86475,1.2045179679713984,0.5538563735485406,0.7298841384728301,26.3,2.72213151776324,-0.2440581198947065,0.0509030101896735,-0.8110266890304745,135051
23889514940.548252,44279456852.9837,1.3587954164195513,0.7876172119971038,0.4272512390875576,28.5,3.905124837953327,-0.19396475546523506,0.6549127186555891,-0.2981888714744798,135052
14657583216.142313,45571180582.29805,1.9792903065187004,0.9097170037706672,1.2089827013418664,25.9,2.808914381037628,1.3118937037791056,0.5458116136443618,-0.1323125217553609,135053
13216827820.447838,38746040642.75687,0.9983828484491675,1.0931518565615344,0.8380219363756702,22.583333333333332,4.662944944512594,0.4809861347454927,-0.4207256498314898,-0.7897354681780064,135054
7610831339.259717,32279124021.777554,1.416980077726557,0.9644350849638418,0.955238417823361,27.7,7.3082145562373855,0.19483440407023522,-0.18049235664332766,-1.537501033272141,135057
12693280681.193975,40918590015.137344,0.6936978567805355,0.9615444768178154,0.7308700674611462,23.25,6.219927652312364,-0.9507124698994005,0.45770063075956924,-0.688622969413581,135058
6188650833.72423,31673966665.11571,3.0800260769360075,0.24296667783120976,0.6333566107995473,32.285714285714285,12.724714823796202,0.35039186181263915,-0.8073736864629627,-0.943921975877906,135059
3340850482.363855,30730718334.390152,5.713320674174226,1.0602346791408335,0.9916524927821346,27.555555555555557,2.1659542988464366,1.072847857273672,0.08429912943094545,-1.7202052774936505,135060
9552583377.884495,39502946797.97837,1.423170842607556,1.1055673282188043,0.665142493529237,43.4,17.99555500672319,1.1783814548883953,0.6545408483832212,-0.44258337996105546,135061
6016292539.062034,41594669767.05011,0.4359750461766676,0.7752974296166925,0.8439629034238154,25.6,6.2960304954788775,-0.8327751529858176,0.6824604760691245,-0.0050867814751645035,135062
7239023083.716418,36366587870.315956,0.5362314705375155,1.0069552618351962,0.8387976648270264,32.25,10.133484099755622,0.9929866093529967,0.20293804683800892,-1.1976705264942258,135063
7561805961.927101,41383027852.07517,2.8664581333265065,0.6238035696604526,0.9840057675320258,22.5,6.849574196011505,0.6034445147115264,-1.4334258403556301,1.0887721885273143,135065
9914662373.280449,44290898702.83306,1.618682673068378,0.8591968101006943,0.9833335414018537,31.5,11.157956802210698,-0.40090811558798123,-0.5127654563060152,-0.03711668182935535,135066
9339986517.71014,46625228633.252815,0.9161603809481045,1.0567468951230845,0.712287787737736,30.88888888888889,10.311206896106826,0.7491730491462754,0.4434845947384047,0.586013931679096,135067
7419756244.62769,30856268664.823517,2.434399600851587,1.06993008200841,1.0720896111897213,40.0,19.339079605813716,0.13699115208530088,0.13038892638504157,-1.5841781508443809,135068
8466492438.978432,55486531010.8417,1.4238301113919716,0.4376791112919377,1.2540336962377943,29.444444444444443,8.577892918052791,-0.20336967304971587,-2.4797637469456895,6.773122465831213,135071
10759861807.03348,49355823813.7394,2.195716020204079,0.989866154645825,0.9895935754178292,27.444444444444443,7.119786374933686,1.03520502228654,0.2775353806121213,-0.09188061542146508,135072
14081683886.708,45838461361.97345,1.2888814355001987,0.8464839928556177,0.8273331180092818,18.571428571428573,2.896162133244756,0.4882644692864453,-0.587818655957655,0.02994265998460488,135080
11535327753.214596,51111791144.785614,1.8058042548637663,1.372254522683106,0.7693974978515462,36.0,15.856499343441838,0.02941729044441388,1.0304724202120887,1.132061790507409,135093
9605114927.546225,35565816406.01261,1.2265316877081232,0.9638210064693744,0.9902687585945619,29.444444444444443,1.7708197167232473,0.8801637209697333,0.364109666259944,-1.1719420092349215,135101
12937679767.97907,36747419812.75353,1.5905069538955856,0.8477414549655427,0.8405609177145713,24.272727272727273,5.478734244843405,-0.07256850005320814,0.08578885169943912,-1.0077558792230397,135102
16027292459.26955,39790805979.76126,1.6128991209177022,0.8685690370577196,0.8286975324692885,25.6,5.851495535331118,0.3974812277398456,0.3569019876824689,-0.7306432711042503,135103
20826508583.390846,50741483140.15673,1.9372356698102893,0.64201108192969,1.0028466175532993,24.727272727272727,6.482015807263959,-1.478752826739914,-0.16004955267330606,-0.24991809323452419,135104
11051739674.597021,50758509186.80862,0.8490130014561598,1.1919636904622999,0.5592787033491282,22.416666666666668,6.486631551806291,-0.15834141017347747,1.6079054391533079,2.6600496379743435,135106
4127390384.456104,35628835407.01492,3.262657252877048,0.917932323675663,0.7990465305922864,24.4,6.16765757804371,-0.9068744799477315,0.1886532056058169,-1.3097888578284786,135108
7702309798.938262,37283996333.64176,0.4908163290574735,1.0667857749439134,0.8750961195939158,30.875,7.201345360417038,0.3288897256923917,-0.10355953433062438,-1.222099711882239,136002
7973575746.629396,37170977786.60248,1.7591455479867981,1.0336411232313445,0.9304357140197345,35.875,12.323123589415145,-0.43703818253528937,0.6604554374333316,-0.4181692201869778,136003
5259991912.951033,30857150148.448494,0.9982922868289388,1.0428374928578774,0.9372255011188769,28.333333333333332,6.782329983125267,0.4000836803744221,0.1100084988576604,-1.5735454926062942,136004
11710556384.490501,35747738613.44689,1.1559764316934849,0.9745101775265052,0.8866038260813163,30.0,1.9436506316151,-0.7274290406211037,-0.31788565315341943,-1.209626984154495,136005
3276933548.454279,33981909214.424786,1.8136558959844375,0.9652217254104977,0.9475010669596122,31.625,3.6721077053920954,0.5614578770226046,-1.0939658216990622,-0.34695392196905495,136006
6180813261.156707,37864502906.29945,0.6809300503088879,1.053547466149288,1.106022062191079,32.25,1.0897247358851685,0.2351298757262299,-1.2326046343946417,0.23619494014355036,136007
8373504786.495903,33608096332.13794,1.4414208353656839,0.9107137609539191,0.9757252306047833,31.0,3.774917217635375,0.17755330664384417,-0.45403807840662597,-1.2879686195531417,136008
10883536882.49152,42153765133.40421,0.9939082878928791,0.9293660386291164,0.8968237777530588,27.2,6.569627082262737,-0.4321673247872724,0.060663730064262324,-1.0996259570975986,136009
15569436700.101477,48649571577.955,1.0252764438727393,0.62634776951278,0.9514767066237018,27.5,6.296824596572466,-0.4071366838113164,-0.6404550081823825,0.5025029839364734,136010
15130257117.935709,44286217645.18185,0.9130890740136339,1.018796928220226,0.7845850437497394,26.6,6.681317235396026,-0.44499583682930677,0.8785342097397144,0.10093195059548776,136011
16694774078.523428,43984165361.91789,1.1577483488553433,0.7747770645811516,0.8452133587522968,26.4,5.9194594347794975,0.41677998301477714,-0.24189990899592353,-0.53632926639433,136012
12005833239.496456,41949171750.45377,0.6690857216678875,1.1926662541701027,0.8510079586321306,27.0,6.526867548832288,0.17617632411104012,-0.2893105151704962,-0.5593001525891608,136013
16115815809.678438,47574883702.77875,1.040034773292775,0.7485231534525044,0.8252871946156457,29.555555555555557,1.5713484026367723,-2.130933095137742,0.21191784958902513,-0.4837194678924277,136014
5634223652.173831,39235953791.90732,3.3179829835480805,0.8237860213733208,0.9142995903123902,24.636363636363637,10.890135046100854,-1.2855146306083647,0.12286884050497493,-1.028855336800392,136029
8877826319.077385,32970303465.025494,2.2025439583007898,0.9679464246896331,0.9786198325565115,22.166666666666668,7.1394833302012985,-0.8597776362990999,0.6271675002752061,-0.948838942418091,136030
7848428958.595859,41232145316.150536,0.8278322908055029,0.8946964492378208,0.9611843095300878,33.375,11.379120132945253,-0.7869850396254989,0.8356477687827053,0.19449994317618957,136044
5740598703.626963,35585539762.27611,0.8942848624483147,1.0891047110972356,1.0089150179508624,44.0,32.341923257592455,-0.46623181498341637,0.036785286191971425,-1.4241030532119414,136045
7775981533.224853,33792238048.315746,0.6991067931195991,1.0292971802642188,1.0040567919312446,35.142857142857146,10.480302223403559,-1.098272738418423,-0.3710630895618013,-1.2837507404694835,136048
8120074159.404109,42490825899.953865,2.143260950093726,0.771769307438492,0.8279303865077355,28.0,9.565563234854496,1.2436664524860177,-0.25941607967218344,-0.5957112280350896,136049
8856196621.874828,39011739919.350426,1.3428886290564683,1.0539104276696394,0.9106313967063632,31.125,1.6909686573085854,-1.271929123043833,1.0853530641133002,0.45472629325029823,136050
9450180071.191742,33164444605.50929,2.0382361208623747,0.9473995362734824,1.1248984834812927,42.833333333333336,19.810911695886745,-0.6798476590801243,0.5066642217189704,-0.9582114250540119,136051
7319391741.516164,33875827812.42584,2.593643193296044,1.0577395487048629,1.009745971205135,34.42857142857143,15.801059122342247,0.612197580225498,0.6590890303354258,-0.9482303999480703,136052
7287065640.107393,40587677921.68877,0.6587810687761789,0.9559519253991527,0.9367566898638271,29.11111111111111,3.7548322774924,0.3619348110836178,-0.4829079407239204,-0.4295844919048122,136053
11532781190.666435,49390191040.57425,0.9060958027835896,0.9969594436464926,1.2201581612894328,24.727272727272727,8.655958631758285,-1.2281614892590724,-0.2584193955458378,-0.3152287994543568,136054
5576553940.441952,37930811482.69782,10.454994772977722,0.8651338503649791,1.102088935407732,29.571428571428573,10.621503025966346,-0.16648408521481883,0.29282475419108345,-0.875374378727904,136059
2470369131.444712,36976684899.24005,1.3397930157527893,0.2135752749602461,0.1256591124260164,26.8,3.7094473981982814,1.6727492508361905,-0.8702259850271029,-0.3518124139845864,136065
5572113255.295,42128020143.88311,0.4185069558350716,0.7896094865094921,1.0190986914057059,16.294117647058822,7.1105944641230945,-1.73017097221868,0.11768825955424911,-0.8125900448354368,136067
7652473536.483673,43953198192.77471,0.38706975459289605,0.8854989247890794,0.9082945999920119,28.11111111111111,3.603838831161523,-0.5077665210554585,0.46594919725915956,-0.6106627981725481,136084
5920427960.372971,34863805107.57983,7.406213817510412,0.9074881304710329,1.1600277619722326,40.5,31.67938341150808,1.609640896360581,0.2091663156862369,-1.2972821156228675,136099
4215894112.6942925,37233661265.8187,1.2127680113143926,0.949672870394449,1.1497125343196708,19.846153846153847,9.20573528460261,-0.2569229062258671,0.203356109782598,-1.0971196607983291,136101
2491419394.866375,39212249789.417564,5.267139852647513,0.9622357706591895,0.8049354793925557,21.083333333333332,8.149216049548707,1.6845474967766023,-0.5458104439252939,-0.8595283448844722,136102
7231481118.991354,41177553126.74083,0.005619840166051656,0.7493649588850791,0.7174273445775053,28.125,8.313204857333902,-2.0008381033510148,0.25761504138497143,-0.7503807884857543,136103
6853737112.766193,40112181346.7112,1.9318979420948514,0.8767734441834584,1.033776429984678,20.46153846153846,10.638214024597177,1.8928123130623646,-0.13713675177369755,-0.9652955345781358,136104
-1456447521.158554,30675125193.34639,0.38225487796263563,0.9916679947512338,1.0178694072041246,22.333333333333332,7.542472332656507,-0.04449845044757694,0.23922524522070224,-1.6074624938147666,136106
2469374273.151141,41540000561.67247,-0.46471891779005114,0.7527413507449146,0.8423321036710033,17.875,7.999023377888078,-0.9479866523506075,0.3261409396256471,-0.8282890911502729,136108
13910786333.283705,42107447230.06984,1.2869022191198212,0.7480905684201871,1.0176829262334237,23.833333333333332,1.5723301886761007,0.26626049981543076,-0.39858273175509107,-0.75975928398393,137004
8378225638.238775,49232834689.03723,1.4698177672204693,0.7194165494206266,1.1344207997013462,21.0,5.1291024855906615,0.6759419147063817,-1.374335704209639,1.8555340281143051,137005
6422180027.923883,55870323370.49831,2.306693276270788,1.234295870457666,1.0446525869726258,23.454545454545453,8.51056708252251,0.7980636449718332,0.9874225130569784,1.809555261664772,137006
20841887536.22686,47771269705.999725,1.5739132259407127,0.9679874706568408,0.5260034550155906,24.454545454545453,0.9875254992000196,-0.8756243727832569,0.6541087708360176,0.1271016156513216,137007
14869115693.925568,66765740392.86035,1.207094151810716,2.159373655719665,0.4486091621886324,52.6,16.49969696691427,0.07273972062628786,2.809964086919656,9.243280820736286,137008
8358670456.2976,52622612588.15206,0.8179871423631424,0.5860714730463695,0.8519476586073542,18.933333333333334,5.284778982028377,-0.4280623976444531,1.2952495401012991,1.8491678534290283,137009
6321410221.360724,37429523941.4599,7.612669694347922,0.6063617516644181,0.9671616783411838,19.307692307692307,6.899103792239589,0.4231990791939211,-1.1716867020831363,0.11273418484136011,137029
9460981503.705378,40672564450.50231,0.8226170343547667,1.0415100267243067,0.9331397635393786,25.0,8.74902591980699,-0.15231831089410264,-0.14194028889035204,-0.9400141180835329,137046
11260164672.658293,42355850743.771576,1.8228969201381582,0.9276086873402265,1.0524898030406074,17.125,6.223694642252301,-0.555462798139672,0.6003128300852237,-0.6024058208480598,137054
12296441154.23892,57575062934.84994,1.3751885808407889,1.1028569804381032,0.9570736141665543,24.727272727272727,1.6564424689353268,1.7542587636999158,-0.9263638244403101,1.957893768455305,137068
10159719016.536993,54109756478.57416,0.9273789174781796,0.6790485538256645,1.1851444789580392,37.0,17.40279123753264,-0.36444769322964277,-1.500220091784233,2.9436024476669402,137098
13061513545.825472,49601747823.55634,0.9277400264570869,0.9989339758780983,1.028413682215381,22.545454545454547,4.142103909052551,-0.5238862704721612,-0.5823699866861765,0.43035711015139455,137101
7833603213.437526,47920533696.73844,2.763710963970172,0.21155382643788123,1.3400859027917162,29.0,11.224972160321824,-0.06502858026493641,-2.513698400637025,5.501842510740859,137102
10805061008.349949,40404412211.32274,0.7956234485590643,0.753720271507504,1.0170216024868028,18.2,3.187475490101846,-0.9375964429674042,-0.08443137913332867,-0.9945629622472834,138003
12875019907.366428,45073292866.97359,0.838511957120132,1.138885353400109,0.7034572139660163,22.076923076923077,6.219838465148784,-0.972662823934634,0.8107545128566923,0.2508373043012013,138004
20142239254.900536,62523071188.40508,0.9838380386386563,0.7727175716970076,0.7840487411401281,23.25,4.9180788932265,-1.222776505120689,-0.1383799272520068,2.0009043596894722,138005
10743512794.575281,73037341799.59091,1.3305369530271378,1.6049979289584013,0.7906946785218021,25.88888888888889,3.6649827783268094,-0.3968492414443858,1.4337845604511892,6.532199788103318,138006
14846424975.022514,51101942887.67218,2.3326461874149986,0.824481019177489,0.8493477960233756,23.416666666666668,5.05731044023292,0.05894884451550908,0.4113032471022284,0.08884589861261194,138007
15990171656.96977,54169246639.07899,1.2430852162935486,0.9935620898447083,0.7174918951762439,21.46153846153846,4.733113865512357,0.9247285102241083,0.6514922289906174,1.0805257370722172,138008
10762105225.967548,39022175809.69286,0.9721538255987742,0.9747352907038637,0.8277780835285159,23.166666666666668,2.266911751455907,-0.2782292528161463,0.20578978516590193,-1.0241707165226732,138009
21639699438.218906,44307982680.01868,1.1537611246078983,0.712209487962553,0.6034467014198839,23.818181818181817,1.4024771473219555,-0.8291998808661702,0.6569247162427282,-0.15849844672562208,138010
12716857509.380527,43076606602.8511,1.3660263650233788,0.8893352067112599,0.9432618901343844,21.416666666666668,4.990964057396349,-0.8267538857980554,0.07768247371017026,-0.8059144012336068,138011
21834851056.641174,47118072824.69173,1.3141023693309617,0.6997565222280957,0.6447487971032151,23.416666666666668,0.8620067027323834,-0.585488175279103,0.3022619698218951,-0.2372932232728413,138012
16229081447.311556,64136411705.76872,0.968387813179688,0.4187402121669687,1.374916379912954,24.333333333333332,8.158158833680279,-0.18270781272359216,-2.246075304786509,7.738890611386655,138013
9191117486.055756,39792350877.4072,1.164534338315873,0.9573291510627648,1.083587494572947,22.666666666666668,3.448026810929534,0.2690768170378135,-0.5724926544259494,-0.6190282034947536,138014
9485080326.74305,39835635358.41957,0.947621872074252,1.0551218403832163,1.0187965765878197,25.7,13.138112497615477,0.5941411007501358,0.2576656259614009,-0.9653960522646448,138017
15072934937.2567,51508916872.86207,0.9796431811125654,0.8298527249314853,1.0949623041309655,17.875,4.342738191510052,1.1680130969241986,-0.6920017911742252,0.7222170012949087,138025
9812133887.377562,39054428896.293045,0.71134628013347,1.009076700157324,0.7616414344546673,21.0,5.5746679790749045,0.33629665065896575,0.6846932108370527,-0.5328164940630904,138034
11866478992.941093,50101976891.627846,0.6786407783530181,1.014055149758775,0.9670186350405182,20.76923076923077,5.08623853994355,-0.9913754221688507,-0.494793626406916,-0.021417538566993688,138039
15607515044.22579,61966443975.44871,0.8964371507536277,1.3068331649790492,0.8947383375696965,23.083333333333332,6.664061991174918,0.3412273026948167,0.4745626948770556,1.6267043204964766,138043
15346200084.339655,67898653185.95812,1.2804229598215964,1.5193140108145822,0.7811830309982708,22.53846153846154,5.358176851467077,0.9119866266109522,1.3484228801034033,3.4069905030780836,138044
12018201666.934046,45914541564.29652,0.3405945901843,1.119265527335588,0.7898159013627037,17.933333333333334,7.27064111493768,-0.7120302721559142,0.27998772303991554,-0.8221251030157881,138045
10833810068.85504,60047762567.85951,0.9876057107645586,0.883183235871345,1.257203505280758,25.7,12.02538980657176,0.03752603900768747,-0.5573370068055636,2.0352838214432722,138047
8322648638.174863,31065469946.69656,2.3042250861276226,1.1236835965265635,0.9554878927858914,30.444444444444443,18.160464452645545,-0.7354284578186565,0.6664491727643927,-1.257278010463723,138051
10110406093.825394,45560057000.51251,0.9682836576528783,0.7587424583204389,0.8269924801935754,21.833333333333332,6.309164410249234,0.6225501464884502,-0.08451148057845027,-0.4548625343532344,138053
11981692883.696203,42419173112.928116,0.9402813262206581,0.9259887863203843,0.7734773921235436,22.083333333333332,5.438417866336578,-0.5129046979765235,0.7621986645247042,-0.09829587930624806,138054
8337306128.916086,33683312980.234688,0.29884012395220055,1.0379847298000429,0.963663749684461,26.875,19.971464017442486,-0.6172306404122594,-0.6856747893974108,-0.872628554895718,139001
5850213776.318203,39870109874.03971,0.8770889889257207,0.8948570013335417,1.0828887382796064,21.75,8.613216588476108,0.5274004506592078,-1.6576802607571595,1.8139271501399694,139002
10770585117.225561,42001923546.593056,1.1911790078187496,0.9936156040248079,0.9933033003240503,19.214285714285715,4.0914295690341955,0.31787334838507775,0.16357001116401215,-0.7842318606696304,139006
11381627610.845474,43018390611.793846,1.6946444794492124,0.7825200153094017,0.944226532431363,20.928571428571427,3.936355923844244,1.0288684836687025,0.08814153806806564,-0.6320921617338588,139007
6792677132.390544,31240149470.90498,1.6737987976703637,1.0188247380216415,1.008277373458594,22.833333333333332,5.799904213768438,0.32564679268941177,0.25616432694219515,-1.568701502670848,139011
5533400079.675124,34719785608.770386,1.8913594243136287,0.9655978966862601,1.029624961946533,19.785714285714285,3.967341164856805,-0.2923777089454944,-0.1447281066352444,-1.1726026364952555,139013
4703769490.658888,102097803500.915,0.7720402297628606,0.49806973545596794,0.737564666406257,20.416666666666668,4.872684635347906,-4.02998709037583,3.257130557974607,26.601566459339594,139022
10862840424.522722,65287331735.4392,0.5202885435836664,0.9098459748783913,1.1792359748024277,13.9,4.667976006793522,0.8596034549645566,-0.8637588296174672,2.9092456135609304,139040
12443086253.842577,43224671402.7338,0.8378359260358413,0.9749929695390241,0.742112746699247,25.9,6.9346953790343235,-1.4909541741196009,0.37801011010039526,-0.6163721686980743,139046
9919380177.991966,41948701892.33625,1.4635810296587712,0.9922116338886157,0.8474947095516098,18.6,4.772141378179541,0.8047764013970422,0.44889654295535075,-0.7872612636900991,139047
6246151161.976249,42682662535.60421,-0.03600223687829959,0.9823680642906847,0.7033064194245697,27.7,10.237675517420936,0.04184399799821392,0.4395506772584677,-0.3337941868576495,139049
6651987000.785557,35827630498.89205,0.8035677063457417,1.0730329251518205,1.0274845420224794,20.714285714285715,3.28260722659316,-0.20181211024633683,0.1472790048297994,-1.2144175298889897,139050
18886385037.73689,49730962010.67444,1.1681503360710535,0.6450563249073236,1.0333768497909503,22.384615384615383,6.662622047240763,-1.471698350910419,-0.36343743389864563,-0.16472248389511757,139054
5449128014.036775,42078967215.210754,0.24979075651295277,1.3031235129821752,1.14395097656866,28.5,12.986531484580476,-0.00564807204576212,-0.0957007049608386,-0.7028124750402598,139058
1614559532.0935192,45764941339.19408,-0.2266023802969312,0.6915630451080925,0.7025967683361123,118.0,0.0,-0.29173676328629483,-2.2436510839833717,4.75877030056608,139060
3913145609.4368773,46305426837.51399,0.6301426714395174,1.0522185073873622,1.0388037998822073,29.444444444444443,9.262962222518372,0.5154907445712773,-0.45617405113984555,-0.1749628574465727,139061
6838695153.7259865,31794326687.780178,0.033151089718611804,0.8939907032320241,0.6725967627225643,25.0,13.731185474876323,-0.4272882371334674,0.736725495307251,-1.004382042483566,139062
7279842976.553002,57144999909.06301,3.0093542099913058,0.9564006672701179,0.6674354820368879,22.5,13.78707123842237,1.268719973586812,0.6993374747112624,1.2208287602820036,139064
8364912799.405267,66557067715.7584,2.6902126986766994,1.2954434814208118,0.8624814369932964,20.214285714285715,5.684296305594556,0.32019920688364323,0.30057526900740666,2.142390004043416,139066
7313207995.842081,45118502475.86986,16.171005241338126,0.541808677934473,1.0730086090830964,23.727272727272727,15.597732405652659,0.030280982923756028,-0.9773813152079587,0.47512049914206367,139094
8813356745.61764,43764386348.79121,0.7335192022966996,0.9963230692240976,1.194771991677024,25.0,11.385796574520539,0.14226537627823177,-0.12981795963414708,-0.7542455831031516,139098
8677604205.132128,39291983351.621315,1.303126874418423,1.0148434149512522,0.9605418365680886,20.0,4.810702354423639,0.27985913365206727,0.06709129938639714,-1.1390196293925798,139099
6981807835.999387,46000861005.20471,1.5984982224128228,0.7468237850841503,1.0956897539770911,22.23076923076923,3.3776151384769464,0.8738331530574044,-1.5526865675352564,2.1729757130299214,139103
4525317522.966362,28349699694.78796,0.9877239191386015,1.0202365138651466,1.0522919251610985,20.0,3.802832952094854,0.47988487604331453,-0.743493807743484,-1.2588686139592884,139107
6660177068.768188,45023228826.59272,0.28949596018202084,0.9973528287941722,1.0241190496998265,19.466666666666665,6.868931665275337,1.3594195544471859,-0.7903454518089471,0.7496721882957398,139108
10807522437.662771,38341950359.44782,0.8633873698019552,0.9914970227697646,0.9246727822062264,19.142857142857142,1.6413036132965795,0.048943239449315,-0.23804350811671762,-1.0184915715145189,140002
16491091735.833378,41743381646.444855,1.0409072995170194,0.7690997215785517,0.8842510644347011,19.5,3.774917217635375,-0.4685071524160733,0.1001449948596389,-0.654227113212233,140003
12231193345.84423,36306720329.01018,1.1812809072792747,0.8519947506724168,0.960473191970512,21.153846153846153,0.532938710021193,0.19373593465346062,-0.08318668190203457,-1.2123021026653151,140004
22278363263.485397,52515019604.50302,1.319113156296551,0.47080463572936,0.5582008082878542,21.692307692307693,1.2015768732164085,2.2411920257160265,-0.09635315464245013,-0.3148719408221621,140005
10524798995.572775,36679327267.72504,1.133944812680995,0.8892707211745838,1.02322892942112,22.0,0.816496580927726,0.4798968085064388,-0.39058357642875935,-1.1214584932826146,140006
20072156075.85143,43564718733.746056,1.3089537216192688,0.7112525055516462,0.7727748107552478,22.0,0.5547001962252291,-0.4585505535691681,0.23239138175588303,-0.6272970771126105,140007
16029095047.031351,58088781520.626434,1.2857874410115602,1.0494427224886793,0.7041037813155895,21.692307692307693,0.910166120476864,1.1291161274489951,1.0772246240864713,2.7790796827124673,140008
16560015249.611046,41722009989.099815,1.3558431033749105,0.7682631395358271,0.9220255887304578,21.384615384615383,0.624926031125843,0.5411274791769927,-0.02065568161855263,-0.7360928625221659,140009
17419432625.4388,42993563485.82051,2.0867573383267066,0.735868185001667,1.0275327780861958,20.923076923076923,0.7297563831157798,1.3695714143672717,0.1717478026252085,-0.7316499972215715,140010
18693816245.966515,49808432944.34084,1.7129783974419301,0.5730858187471873,0.7815499629055265,21.692307692307693,0.8213137116947163,1.4323905812093187,-0.36999977037271126,-0.19147765652335957,140011
13312572316.577255,46883882998.5468,0.978681947891113,0.8820873005629087,0.8618299427189248,19.857142857142858,3.6811710647786073,1.1511263070401299,-0.1463339906197775,-0.71736339212885,140012
6088499247.229003,42591873120.33028,2.123837865707741,0.7747928358694786,0.8821410815102814,20.0,1.4142135623730951,-0.1950847334232293,-0.6793514967918336,-0.5145501358507798,140013
7049775464.666955,34540394823.32373,0.8263824032201954,0.902315645277871,0.9919672646875823,21.615384615384617,3.648781915578899,-0.2551953492312151,0.34609438277148535,-1.0361225940107321,140014
7760950115.177405,53966375388.406395,1.5697107951103766,0.28760349005652286,1.4018936655569032,28.333333333333332,15.513435037626795,-0.2576079796738586,-2.923624810815575,8.539956095054023,140039
11546852391.911282,74484052872.49599,1.3819344010510193,1.1184763628795094,1.2698911324976412,33.375,23.005094544469927,-0.11478762309397439,-1.4074723357459644,6.935453813878912,140040
8750018243.438274,37779924599.12267,1.1089413943621718,0.8462196176115284,0.9833274999936776,20.285714285714285,1.2205719636167902,-0.5767419621360546,0.5130884123638122,-0.892534226388316,140044
11025320102.13311,50123216587.83758,1.5106449324689337,0.9209041244453938,0.9563939179345395,21.153846153846153,1.6098807335735654,-0.8715406555965046,0.8825416925445696,1.0487913871435053,140045
7311455565.779431,50472284748.13238,1.3318732419188128,1.1391199729436685,1.2149579514689985,22.5,5.9651767227244274,-0.3837972904543605,1.9139280146026023,3.6165317016860667,140046
19780255543.542408,43894452525.32332,1.331176571038632,0.7654689490609805,0.7087974221829137,20.071428571428573,0.7034898429854362,-0.4428227526378521,0.16039972934299981,-0.7049052608319357,140047
11056071816.92883,46949833496.44993,1.5973154584573412,0.6901340474830793,0.9736940625254348,19.571428571428573,1.1157499537009505,1.1580943325158017,-0.8274047097245325,0.7679589881859767,140048
6386113454.426464,32666189948.39166,1.0053084925723192,0.9327456436363383,1.0221217903237902,20.153846153846153,0.9483713850721502,0.18308531976535392,-0.15934945592988498,-1.3963208977580794,140049
17461360508.848587,50682807147.99334,1.208709649045676,0.5765552058090861,0.9768987428768927,21.384615384615383,1.862110528755416,-1.1674640642976257,0.3212795105733907,-0.14799647965298313,140050
19706815888.283348,42644370103.39696,1.3557445571125615,0.7469830889005977,0.7508837800750984,20.846153846153847,0.7692307692307693,-0.1523023341884624,-0.0447359462535212,-0.6935296831036588,140051
13080577556.534016,42547423056.421326,0.8975333304259633,0.7443882646630229,0.8456868932417119,21.333333333333332,1.0274023338281628,-2.0937231961013936,0.12066715014461717,-0.8551415728129697,140052
7449404277.022401,34152244561.921436,1.6011365347058677,0.9335005328585769,1.0047722553013763,20.46153846153846,0.7457969011409736,-0.14908755792262696,-0.24308327008379252,-1.371357814780842,140053
14013528610.852549,43536810772.62075,1.4420709621203402,0.900762431437988,0.894295985793111,20.142857142857142,0.34992710611188255,-0.6430558202991534,0.7156719253520872,-0.19374063710044398,140054
5892811897.254684,40659988463.642914,7.837343450545628,0.3322670980641992,1.0533808087903327,34.875,17.38129382410872,-0.38900599066363384,-2.033209366899781,3.1648925728538195,140055
3393545246.5581617,58726376796.710434,3.5688447657550184,0.2171665438451439,0.34075100886344356,18.642857142857142,1.1088696211614302,2.3476692049938777,-3.691037922057714,14.557414009652895,140056
3647783513.9775653,68667830003.426544,5.797026190158047,0.2237016500594096,0.1565072387808917,21.083333333333332,0.759202798262025,2.797392115116253,-4.443335091341609,21.165610716115264,140057
26222869968.77358,35802382224.96301,1.246322727350433,0.4612159496419512,0.26394239510000206,22.46153846153846,0.634323942402717,0.29137773217770757,0.30215387803126686,-1.173056634050657,140058
19619224340.887817,37296865805.841515,1.296277095886587,0.7937280050478108,0.6514241863702324,22.5,2.140872096444188,0.6152666150441775,-0.01735127428903932,-0.9074531771795242,140059
27523012107.017704,37420719560.930534,1.3948446353496993,0.2816301454947576,0.2694433694151015,22.916666666666668,0.759202798262025,-0.13267053439434306,0.3097818580278529,-1.2272908308153871,140060
25779821208.392757,38666963214.77837,1.385379723059269,0.3514934993314541,0.31452181085898556,22.307692307692307,0.72160242458822,-0.575511940807985,0.3511300622870497,-1.0018422355421808,140061
26514672785.592014,36843367501.81506,1.4913429567878866,0.30867105753822,0.38717705392995294,22.0,0.0,0.1410949149492673,0.2688735844626782,-1.095461259866472,140062
21464221846.82275,41828361450.19115,1.3561828694152662,0.6124356466158777,0.6669240542990859,21.416666666666668,1.1873172373979173,-1.4039019061069666,0.13032909085803782,-0.8203926828958106,140063
26269724224.52573,37969169346.28855,1.4692485953057772,0.23835600887865638,0.4405110107229279,21.23076923076923,0.7994080650317895,-0.17832633269002685,0.20475929163361514,-1.173264456916944,140064
23061225655.82903,43734838828.7372,1.463533370891949,0.595567128092276,0.5983828758055938,21.692307692307693,0.9910845174403942,0.8843908631378383,0.2653920381216826,-0.6335797940672516,140065
22617475255.80373,43723484243.00624,1.5110996901661262,0.6850476116353607,0.6098461998526814,20.923076923076923,0.72975638311578,0.4655460645953866,0.4547872208211931,-0.6721478311704709,140066
24766960468.998127,43401020717.04035,1.4082230807761447,0.3917790720482799,0.4665887959076431,21.833333333333332,0.7993052538854533,-0.9470013111495668,0.31300933249972457,-0.7033501988091628,140067
13065491800.838877,49600918024.83946,1.9693453971102912,0.778552568935545,0.8775584821957924,21.416666666666668,1.1149240133549712,-1.6335089005261807,-0.09879482814418045,-0.5369499709456114,140068
11159702876.309738,35895873774.7652,1.4991163918035848,0.8630419454096083,0.9612679219277553,20.692307692307693,5.689188334492491,0.12301295858961225,-0.5304423737723056,-0.9301567473103032,140071
35232377860.73023,35232377860.73023,0.2559932981912508,0.0,0.0,0.0,0.0,-0.5496611604797152,-1.9550025549378451,2.256580971713019,140072
11868664411.199343,58202556270.756516,3.1548863534456397,0.7258914153535191,0.9220790939117246,22.0,10.855106325289187,-0.05533417384866368,-1.4908110044313065,3.450121436673438,140076
5546607335.920425,42853663320.08125,9.85117047588296,0.37028136946903933,0.9363087546548181,22.75,16.43231065107197,-0.245819277721111,-1.544308661170118,1.6117791909227996,140084
38227410981.72129,45290026146.419525,0.5636924564083329,0.4407788201682896,0.26548319813052434,49.0,0.0,-0.3860938195277157,-1.2879248761766333,0.9478644756822736,140093
33474761676.139553,38853300125.46721,0.5673131025632991,0.3455555169987447,0.19229807315525926,74.0,24.0,0.721567467837616,-1.1441763584365492,-0.023226116490512982,140094
10247065913.947111,42819248620.95062,0.8269786838114794,0.9728818390695749,0.8694923757159305,21.53846153846154,5.637994523633445,-0.936591285493563,-0.25405536713811167,-0.612765135459143,140097
6294832054.384913,40349398352.091774,0.8461093055054535,0.8424960502856323,0.9879293002478692,23.666666666666668,7.180219742846005,-0.44898158840628355,-0.10447201362980946,-0.7882018435412519,140098
8786334542.028278,49411875829.21797,1.7368311329206159,1.0072401806085298,0.8468703930571782,21.076923076923077,0.72975638311578,0.5062464334280037,-0.18163292046515805,-0.37231492893328033,140099
11704753038.79082,39681295654.23126,1.4649671361347838,0.9031554392950026,0.9489964994567478,21.076923076923077,0.4741856925360751,0.5879058709160603,-0.31947625155999854,-0.9526783065027562,140100
7950857625.907987,35853342431.86648,1.1006296517290588,0.9995923904568802,0.9310408452997322,20.53846153846154,0.8426500884694863,-0.9124190065337103,-0.13026731909756886,-1.1944798334568312,140101
8507597301.553599,39338354711.42117,2.6138026048635794,0.744825939174011,0.895717512428072,20.142857142857142,2.9242127843512455,0.9094929084312042,-1.3138512219816363,0.5778441514374548,140102
7031378461.858958,38991331440.48544,2.1473074380032595,1.0005306015901725,0.8979464754821812,19.785714285714285,0.5578749768504753,0.7400114502527231,-0.23136397800407432,-1.1098060291645568,140103
7129342035.180623,38916364107.87691,1.7480650431526463,0.9225752534077389,0.9658192137048665,19.428571428571427,1.049781318335648,0.8627594934881841,0.16037553738431484,-0.8223845810986345,140104
5784197863.192718,35013010302.28454,1.0098108139360482,1.0017863621669607,0.89806130747051,22.153846153846153,5.201274309039066,-0.20332770758282948,0.4493793555316603,-1.1324309447192562,140105
11879321724.021969,43087380134.81914,1.7255112855923986,0.9116060300460207,0.922201716625264,21.46153846153846,0.7457969011409736,1.5341470131543815,-0.3109350227356987,-0.6420023429618391,140106
6803626987.191918,36671875885.83702,1.0765963742387181,1.0589266716071553,1.0280863323250202,24.545454545454547,11.547243955819354,0.653694409619348,0.2454266769507873,-1.0656060772298104,140107
9198205100.701189,41139808918.949776,1.4261401927502733,0.9795084417190151,0.9682857898934076,20.5,1.2392393980641052,0.7180812459410078,0.2607711691184254,-1.0550701320819091,140108
5295602565.008081,42086955249.54903,0.44967156392821145,1.1326345306357049,0.8461624330744991,19.714285714285715,5.508805567045384,-1.2103509993920625,1.3848589461651712,1.146893973368858,141010
9279692489.373953,36689284159.63895,12.28963281573156,0.3982662253316404,1.1139502154380647,23.714285714285715,6.734013571081529,1.1412565734054319,-0.6742956504985341,-0.39250698158114705,141044
9532774087.844809,38129544808.87983,1.9944980793977465,1.1186380022375424,1.0120835358533455,36.8,32.30727472257603,0.18868250152608823,1.0615759632107067,0.1383627656591604,141059
11952519764.823597,38208184103.89618,2.4461779915184008,0.3854728592846932,1.172135493966416,55.75,26.49882072847771,0.6581419468256868,-0.8123898899854446,-0.029937938679801768,141061
12392139442.122227,32980728548.41703,0.6492287330319475,0.8967697538296535,0.9730216226058996,120.0,13.0,-0.7150048590856244,-0.6474823165304868,-1.295879491182894,141093
8171763596.231481,43085702661.27089,8.903318923188644,0.8336804184564539,1.080183506629527,29.333333333333332,17.365355036841475,0.4319448966649446,-0.12874321504070196,-0.2892143299649095,141099
5466906051.758817,33149372779.697586,1.5101818686827957,0.8914645188305377,0.9589522056849976,20.583333333333332,6.981622702177162,-0.5366615575928364,0.29808500661735526,-1.2070641539582496,141101
6155006225.333289,33113797522.84397,0.5498372398854101,0.9494227609062232,0.9098473479967274,28.0,8.888194417315589,0.2715049444008599,-0.1496131350448339,-1.316344552800577,141103
13606858058.578863,43181909843.688934,1.4614929666431375,0.8354317126736989,0.9512322216743397,31.0,15.09230856356236,-0.7752965437071282,-0.20085228496626958,-0.39143608219323145,141104
7555551625.235904,36045377503.50955,1.7871467541345794,1.0216429382308532,1.0365505159740909,29.0,13.386560424545209,0.667753676729788,0.6394103147476001,-0.6568769063526179,141105
8994236407.101751,43426986853.18432,2.0633903511921368,0.914103972514502,1.1309903054797428,20.692307692307693,4.356862233386553,0.20901993473273706,0.7533810672841185,-0.15298471819961135,141106
10079573346.01109,57733001392.31348,1.3898588270318677,0.5804821391031317,1.201828238668484,21.4,4.454211490264018,-0.8357093851985908,-1.6872394450372232,3.882480394876305,141107
9132213112.023022,55592621502.756454,1.454266193873027,1.0931921242209859,0.8503913558391423,20.692307692307693,4.857739508875983,0.6988495935601406,-0.25223011499572173,-0.12174843428897564,141108
5150871501.494142,72176446950.34042,10.625952764571084,0.2622448861985207,0.33635940084668003,21.333333333333332,2.357022603955158,2.9370318014465298,-3.9479492169211396,17.549141404944702,142011
8014373410.257719,39698711040.65226,1.5579518850013725,1.0052131681597936,1.0644089694441006,28.333333333333332,9.41629792788369,-0.6981715188559008,0.09039676893550976,-0.899020411961263,142059
6947859546.274567,43817944751.86287,2.155152414655774,0.726664115011118,0.9256796643008103,19.0,7.309485031694876,-1.0444335005492036,-0.9569510080691083,0.2915263083668336,142072
6843309217.627345,41390222292.70732,0.9317967680845536,1.0426735913773504,0.9911522442723499,21.666666666666668,10.648421896642192,-0.38169450797508375,0.3403160942567155,-1.0931752803962411,142099
15476300690.894848,55841054415.01954,0.9473314263452967,1.4473779595145289,0.5032076819601816,16.8,6.316116950574406,-0.39388606314653174,2.075416012269569,4.912201377889383,142102
14949149642.228409,55421031433.71594,0.8658719936730297,1.129265408991725,1.0015747057541529,22.076923076923077,8.425798647026683,0.6962909201380185,0.16196423139498423,0.04142040488058729,142105
10278048065.7504,42814994546.98185,1.351840243456155,0.92166461028723,0.8649994229306441,23.333333333333332,8.711422896914653,0.3141342267845886,-0.04706191562164463,-0.4347841846683096,142108
6678224635.475718,51510362784.86972,0.6543634764392577,0.9870183708917051,0.9352821731114409,23.333333333333332,7.684761255599003,-0.057056991839598226,0.18202135587095614,0.5552844465422111,143002
23596556664.2654,47860746915.24435,1.6570407510783403,0.5392398505710426,0.835626718848388,23.454545454545453,1.6160353486028345,-0.3040237317719203,-0.14868313788387727,-0.22232016222144058,143009
14927333832.738365,52998585729.476425,1.7916070683142602,0.7534982498073675,0.9478729263136846,22.833333333333332,5.955856128401879,-1.435406932228645,-0.35198899357808683,0.4140636062993446,143010
8497802829.078113,54647911860.02835,1.3758262830843913,0.4433965480242773,1.2446353197655606,28.0,15.289793254906286,-0.07229075879937508,-2.4779924059250282,6.700002049495817,143011
20979103811.241417,47528073743.07377,1.2589676963218197,0.777377914358746,0.7670835507213107,23.916666666666668,0.8620067027323834,-0.43390151545750655,0.13738141146638042,-0.42373736425118125,143012
8980598895.833025,35109492311.73259,0.2746590774189522,1.0670477266061753,1.243190938690714,44.5,18.883414239308877,0.8387612657673316,-1.563637807201639,0.9321790816081306,143022
7365202537.501684,42554385486.69913,0.4804005652464573,0.8445651550418276,0.9036996324202724,25.545454545454547,10.560334329793958,-0.40903181841893854,1.4439437515173155,0.9154612992623195,143029
11989348562.796824,52992162014.136444,2.280787810075213,0.3737818640165024,0.9903250801209448,22.5,7.0178344238090995,-1.0214941521953804,-0.7156030823332605,0.5741699739962511,143039
10609640951.277693,57877834206.07771,1.0103969214539759,1.1157404528671457,0.624722632613609,28.333333333333332,12.30176139149729,-0.10875505347731718,1.6116521489595652,4.337660713753887,143040
13514093084.224594,43377686029.64974,1.1184010866536398,0.8112265415545207,0.9702300905949495,26.6,12.084701072016635,-0.01636817271157298,-0.27344514839344214,-0.5616715519487072,143044
12290698389.202572,44950748325.10105,1.207959128326193,0.9042160729730349,0.8359382238851368,22.333333333333332,6.8839588093544615,0.43535040553879156,-0.4973255137370345,0.019696348017400833,143049
12624421260.899797,53932387902.49431,5.496398206651874,1.3706576169751266,0.9154922797972928,29.444444444444443,16.04238213892681,0.8805015989360285,1.2539743867364443,1.9490096037649822,143054
2707452012.699004,41337112405.00651,-0.0919773802086653,1.028595309484029,1.0112403599398136,27.9,12.707871576310488,-0.8771383246803737,1.1878355893101373,0.7360439546018736,143060
22737853994.49692,41862104020.883575,-0.2814955179546757,1.8652481159591474,0.04717416896013105,51.0,0.0,0.2100701622139809,-1.9310891965337262,2.9492072299003365,143063
8340894816.130438,39386957838.32629,1.3314729189742858,0.7233433837193777,1.292320284925165,26.5,11.77497346069196,-0.19983160085494944,-1.178338470271414,0.49228710238277174,143065
5974534172.446606,90528352013.20598,1.1398249874702144,0.2040341554511776,0.8096274582453378,27.333333333333332,12.7758452644912,-0.5639755264662369,2.846934616585821,14.647986543516033,143067
21931779844.307446,57834046307.27591,91.09126916468094,2.158122593785327,0.8560992933860073,21.0,8.336666000266533,0.101541819911386,2.9018233339162447,8.629600384924018,144017
17414400273.288334,82457496259.03416,3.1343164215585397,2.3449742771335362,0.7053319198284494,45.0,33.70954365359064,-0.3042843689687693,3.668160905987604,17.908330007850576,144021
13512454332.18148,49975711346.48483,1.330326124434372,0.9057900455819604,0.9691490004514272,33.0,22.03973684053419,-1.0696686322073106,0.5585885302723226,0.334924791369295,144039
5132146093.976139,39004738846.1558,2.7192249941474818,1.059264499908682,1.066555218394861,18.6,5.930711031009126,0.47928185241880783,0.15265098405562608,-0.6733633568329083,144040
15446857604.46192,42945509267.5426,1.6277821438343887,0.7403724077416979,1.086067367410957,19.785714285714285,4.506797586956387,0.6797936279570109,-0.2697349407463515,-0.6927686937720847,144043
10351071804.967833,37602070661.464195,0.8850547585567635,1.0458175043957327,0.9200513957064564,22.916666666666668,5.040805711612205,0.7640164930392359,0.5198923038628197,-0.9046873320255617,144049
7381303356.089817,42673953644.15813,0.7763669261303594,0.6766994314305016,1.064995857103291,16.764705882352942,5.196485370672417,-0.8319134543487685,0.27027375917362967,-0.7599607859642656,144050
7074002413.361607,44061684909.128075,1.3192350135208084,1.0853687040273854,1.2587215035858337,25.0,8.38830354503438,-0.7136213127485647,-0.30813078556330775,-0.6245659664833374,144051
8593348372.394857,49125439378.602806,0.9426935010945544,1.076254947695949,1.1730276197224536,20.846153846153847,5.0512169721175395,-0.5399992654541563,-1.6162088990489711,2.3957171213123125,144052
13934730634.112291,50078386424.90042,2.9649119942556292,0.6864016342086028,0.9243234365104802,20.846153846153847,7.123591940178599,2.4324788406757136,-0.7833541757114697,0.47520469280325406,144053
7632751909.345095,34495599246.453865,1.1150161012660786,0.9055809331989516,0.9461218908042681,22.5,5.315072906367325,-0.9041218623587497,1.0050183387429954,-0.25859624806376225,144068
5051201868.619234,38746532273.305916,0.48117078941295316,1.1011865709693391,1.10615203430979,21.384615384615383,7.681530912504571,0.6805029241158991,-0.8795278537955978,-0.31448491503299625,144098
8522102439.185734,33715315684.439163,1.3375479788609375,1.044128066144796,1.0085011095505012,18.2,4.563624290699955,1.2921557275787734,0.16370500293344525,-1.3615837222104825,144099
5755470808.159119,51514119516.77558,0.632559929047534,0.7940686256174458,0.8088411459568657,19.6,3.647830405414521,-1.0996758737005194,0.36731015491244134,0.7339082033975624,144100
6226715803.653548,66060026788.580185,1.1360859437742208,0.9295398081007274,1.0880916728227075,19.4,2.8,-2.310926077098955,-0.3676670710424941,2.136102639952271,144102
6849302263.406727,37354895774.22222,1.3974547469961398,0.8865202059774038,0.9834739432836281,21.23076923076923,4.994671717153208,-0.43060124945719735,0.046651452492590666,-0.9445689622624922,144105
10839655663.331968,41740905465.24301,1.5579249248518308,0.9667398947791017,0.9584285543298611,22.333333333333332,1.5986105077709065,0.26973484350286014,-0.4424258643780289,-0.6223524482225282,144107
4152627996.580703,46767815887.99086,-0.06619245359820539,0.6971404188395335,0.8681001034016202,19.928571428571427,4.3005694924258195,-0.9700108066082436,0.7223998550291196,0.2440715564076985,144108
3953464814.0179133,33519595715.30131,1.0296888001288969,0.8874403765736212,1.0384668367344543,30.22222222222222,1.617802197617893,-0.17805433134866178,-0.051967472857728486,-1.296433176878284,145059
9070490167.344315,51075062129.605034,0.7925232396654435,1.034527545686437,1.1807701105679522,26.3,8.485870609430714,-0.8862649444571602,0.7512570206198067,1.2360789548231814,145064
6181344434.668441,30652674182.459152,1.9232980283575363,0.7734626037630754,1.0438893690849216,39.57142857142857,19.75461713015931,0.5695365679156623,-0.6962307498795436,-1.202325520712884,145065
8243641722.136861,43744033734.29288,2.8796583373970495,1.2804633010841737,1.027756560571323,28.7,11.645170672858342,0.5440511356735129,0.8869508605370617,-0.17514716318098777,145067
9307069675.498545,37009162593.01123,0.84267038949544,1.2027806632569125,0.6135725274162812,29.555555555555557,12.9966757383153,-0.9390360151083286,0.9775131965576729,-0.43400174205794073,145068
22744544426.15755,83490443594.7875,3.0135562477821196,2.684024972991379,0.39384552278299095,47.8,25.2618289124125,0.37731270797987904,4.643233369094056,24.972126455437177,145072
4642931869.125873,37625965735.25603,1.6730388879562923,1.0962346155454705,1.0792411567925864,28.88888888888889,13.025141879751418,-0.7696193794598685,0.751360575968872,-0.38085734058470955,145080
7674019808.871869,36846675079.28294,1.0153724312422967,0.9885424782928474,1.0927123657176068,26.5,10.754068997360953,-0.1432172888016936,0.44016991601300826,-1.1133770947825186,145093
9576586314.834686,36817120974.55012,0.3516383049590483,0.9921607249271089,0.7824765957758101,46.5,12.619429464123963,-0.5654588636216573,0.4685625452548452,-0.7819859585853659,146001
6228185552.309732,31442371174.621014,0.9973877537773225,0.9549567775679371,1.2237874986194008,43.166666666666664,19.60796323492632,0.11726291405243217,-0.5713023051548444,-1.3991289846916724,146003
2929008484.6613274,45585864294.04874,165.98930435213308,0.8214261859032556,0.7365011406057163,25.2,3.9698866482558417,1.3887031534951575,-1.3720785880523614,1.9473168793785725,146008
31395552920.271072,45578070991.34382,2.11841347175653,0.6942782872865856,0.22041800293941102,38.25,12.336429791475327,0.4026237763022067,1.2943212462723062,0.8234817340064717,146018
7820349628.697507,49904671121.800804,1.8352264284819038,0.3001081715240818,1.423287616453237,31.375,13.34107847964324,0.10250467031939081,-2.6448710987876782,7.050144996927086,146029
16068766793.39086,38338156056.35004,0.7980346292591695,0.6139924689045186,1.0706190093576624,40.333333333333336,25.236657640996935,-0.3980959695804245,-0.3151329404422393,-1.0719759850295039,146033
14125655278.496857,59418193235.01462,2.705310531485176,0.8379076930639914,1.1041572721460673,25.727272727272727,5.206480386645946,1.4914990442938603,0.1160864198047065,-0.365179107533375,146034
13295577756.772003,41440909663.09648,1.0125992757401343,0.8492053763677286,0.7546642394357651,24.454545454545453,3.4473609501560984,-0.6886015826675305,0.847679879235108,-0.012781111214131169,146045
15262835900.577871,50257998588.5072,1.6733162198914653,0.7328469996855882,1.2261459616068784,25.7,5.386093203798093,0.10525037391658998,-0.40960060782629193,-0.17462720034994828,146046
12415374737.952099,44505048999.97754,1.3078557111199363,0.7334157151264921,0.977627960220966,28.6,5.141984052872976,0.3458338256801383,-0.8072687671155274,-0.010588478654598443,146047
15235072632.894028,40369505662.68596,1.2135463668787343,0.7139195943141583,0.9252726894101736,24.90909090909091,1.5048132142951682,-1.4844273279903746,0.1388874882167534,-0.7098294354497736,146049
5041399039.427961,59872707806.53045,10.447141098405952,0.6894392269444105,0.6883618221486175,23.363636363636363,2.4962782214083603,1.987467468182416,-1.3904493528153243,2.331084446456199,146052
10696726528.211159,56920082522.00804,0.5038887040648553,0.14644394748756123,1.9239439706014676,51.4,20.441134997841974,2.3518013489836953,-4.092009496277803,15.679436566814605,146054
-827929361.8978921,42947907231.62258,-2.0928678092526183,0.9645899076571004,1.0918211951308336,41.833333333333336,9.334821309960297,0.16543180268855906,-0.1794425974110657,-0.6563404859098503,146057
6489471233.634842,46790736915.50508,5.621768258396428,0.0,0.0,0.0,0.0,-0.06744107694608203,-2.6708679698332825,6.480351727840429,146058
3858725506.3456016,33479547388.239773,2.7064583724578224,0.8722524278948572,0.8126798915139373,59.5,45.46152219184923,0.46615446133424143,-0.5603053818899784,-1.193133676405435,146062
13699755376.999302,43806649989.57151,5.678274354373759,0.9004477291201779,1.1295224900294967,48.75,25.791229129298976,-0.21130276951159033,0.3989534201626379,-0.7907510217020026,146075
1457079035.0128536,43298768506.89193,-0.6591774305505472,0.26773827302317954,0.24714072011539642,30.5,2.5,-1.443603012938695,1.4000239937839927,1.2874706537470555,146083
5654408067.780999,41216137982.14967,-0.22794463525513178,0.608661029915584,0.6276259351129246,24.0,4.330127018922194,-1.3548009506063252,0.5700918387806585,-0.13199276459731557,146084
17176664036.874508,45158081638.08457,1.0859275109893267,0.8783312706508344,0.6189747547079152,25.5,5.333854141237834,-1.681735652393428,0.45000338358950925,-0.39635013693044474,146087
11585211082.511978,50562001379.733604,2.067255366742583,1.0148911451375948,0.9021082540434601,27.6,6.374950980203691,1.914600431236579,0.3112559317605037,-0.4225945216207663,146094
7730574401.893186,41327228235.309784,1.0746960317538063,0.9498382848766408,0.8564298166875403,27.8,2.6,0.359334912335882,0.5380053625854122,-0.5361680453341497,146097
7772244136.153209,40844746896.118324,0.9262908951368833,1.0898263233996806,0.9670566603745655,28.5,7.5,0.930704571811674,-0.9848807862203058,0.06717255893618246,146098
12217642883.105082,40778955763.9727,3.1949638985655713,0.803370954623334,1.2110400247699638,25.818181818181817,5.3226476975652535,-0.08859542482949223,0.32064336021118334,-0.8087368392315821,146102
12376344374.420298,59407672674.38097,1.375244028768074,1.121558456250567,1.0742238083331128,25.272727272727273,11.021391671661311,0.5113148241987098,-0.2848700898225447,0.774371437734052,146103
10616413265.035587,42007210768.48278,5.637380572276478,0.8055401002506719,1.0119715560927127,27.22222222222222,15.009462036238473,-0.37197104755649235,-0.11735638789882406,-0.6930100101712728,146104
13670523097.47253,45161654678.37135,0.7863869958360283,0.9538650722329133,0.6848916799419864,25.5,1.91049731745428,-0.34570924534780545,0.7005558490474152,-0.08817385703522795,146107
14597765387.456041,43132104833.95552,1.2414640495605478,0.9665540755967308,0.912428766456528,18.466666666666665,6.810449487531805,-0.13969666462192265,0.17727043879627086,-0.5475273525722324,146108
8654600538.241774,47376339977.37448,0.44349827306403056,0.7249376083623592,0.9164471410333294,27.333333333333332,8.0,-1.0005489634194689,-0.30145872000823315,-0.19242265736035558,147004
32685673500.31647,63536059061.49583,0.6926679755941153,1.1990442264889571,1.8859921033264346,169.0,0.0,-0.9577449177527217,-1.7786929503209221,6.490614710023095,147014
12488765897.75261,74133108487.74986,1.3271780683151337,0.5453823033140844,0.6562814817296454,38.0,21.92193943453518,2.7231167276186135,-2.888663333457359,12.733764886356397,147021
8183052678.671933,46321526657.75803,1.5568384680570364,0.9262222166396167,1.1488677370989564,24.727272727272727,14.875794304787462,1.0264418385900385,0.0201214782585214,-0.42555188142617206,147025
22630309941.38528,48794554923.65093,1.6874787943632303,1.0174942834406777,1.1213690601016162,41.0,18.556220879622373,-1.607348147736424,0.12605414142324606,-0.449330649133874,147039
5383374743.077783,33366751686.290676,11.6048482134351,0.415574122169087,0.9113172503414337,26.5,4.301162633521313,0.809666756213133,-1.2245767458552441,0.12609842734960752,147040
9484479774.095163,40361864607.7363,1.0407430800563013,1.0172916820850313,0.893751614349753,24.727272727272727,4.554536381772854,-0.903689054703861,-0.21966192947460628,-0.7960929261578347,147044
10861816878.54972,37881120492.979004,1.1157975494702286,1.014584810199593,0.930486418878822,22.666666666666668,4.570436400267363,-0.4160038869406435,-0.08561580269416016,-1.1048271290626084,147045
10850984522.523783,43014058776.861465,1.3897507005722713,0.7667072832595015,1.0838582038125204,21.307692307692307,5.0594103545862605,1.2821347984395999,-0.6718122663499054,-0.08590165284901152,147049
9335630840.05902,56052603452.918846,1.2474813402497846,1.160082441826022,1.0250151495698612,23.5,3.378855822118882,-1.1068712900624167,0.25474479967925395,0.9619928258422972,147050
7606546117.560628,44373888912.76489,0.7128481141330368,1.1533087329041214,0.741986089941714,28.0,11.803954139750516,-0.3542894491407651,1.1669704498674385,0.6303489103347717,147057
4232032662.035754,39326743730.56133,34.72077242381232,0.9564873877532322,0.6758545889824052,23.0,2.174229226018436,0.5762347514537822,-0.690103029073727,-0.4570288641466549,147063
9796975880.343403,41569565917.99357,0.6418930147112575,0.9693665651987241,0.94158671141368,24.363636363636363,7.547097302006276,-0.3498613818023415,-0.07428203377757935,-1.0477817275220611,147065
8487958120.25946,38523058260.94461,0.9218699877812991,1.0315105753128972,0.7900686814047608,25.8,7.4,0.14505992209075202,1.1615876621094652,0.12196021642927102,147071
20445987721.70332,57447087546.58703,1.7646248631552026,1.201272836911427,1.0212847037423707,41.0,20.223748416156685,-0.025214526946712112,0.43497533716513487,0.8199152001585253,147093
12794028609.181059,53783265262.497116,1.0568819543069035,0.6404040160743203,1.1569758711476594,23.083333333333332,7.750896005552447,0.07899333628719774,-1.7547176738277839,3.724890633101765,147094
7212801277.95984,71939514559.48038,0.3537339527823993,0.21688564723374945,1.2506387226966644,36.42857142857143,21.16504627147008,-1.335598863061655,0.4360850878129251,6.8389510062327545,147097
9086537422.769316,52580763219.758446,1.7734004969157489,0.1175115122411136,1.700020505909483,25.666666666666668,1.9720265943665387,-0.09063540047242924,-3.0768200386542914,9.178068250154466,147098
9553671610.071741,42873501376.03002,3.5436499276857325,0.3717677036487074,0.9639140004087806,22.4,4.608687448721165,1.192966324538233,-1.3878014369127978,1.3036794925581265,147099
12886834770.291882,45045443231.27423,0.9981565289385984,0.9250278072181111,1.052751124065439,18.2,5.2687759489277965,-0.06584150120114529,-0.5774013056412849,-0.5450667084307415,147101
9425780574.93129,40776242541.301895,0.6614412555028901,0.9540193192120917,0.7523879487191509,23.666666666666668,4.9216076867444665,0.07639777564091332,0.7729234165772606,-0.33345108783898114,147102
2871783573.734681,48027888639.857414,-0.24291475237829985,0.25810729267893046,0.2411906851117826,24.181818181818183,5.4241577782459265,-0.9804062932863431,2.4776144978142596,5.481604724754662,147106
8296061811.550988,39056246826.90499,6.695474783149953,0.5658214404267037,1.2178472240539324,33.5,17.260262647673315,-0.9956500910899564,-0.6457040831655323,-0.7252354640239584,148008
6647190334.824671,39085357717.30696,1.0229225390270162,0.9344608703720864,1.132843508227523,26.8,10.78702924812944,0.9192400816324948,-1.2312654981252762,0.7215257268023509,148099
7681489036.817674,40037436972.19558,6.047915867004124,0.8414870256498738,1.0276097446833976,26.11111111111111,20.642159902299436,-1.1009930316089722,-0.12097641786893455,-0.6235423643662745,148103
8852665075.563517,40862092039.40886,1.5956376493356494,0.9113558758964075,0.7627883745289517,24.166666666666668,15.372233265064498,-0.7597357861720297,-0.018456453478108394,-0.6456653046033525,148104
9578489389.939234,49374477581.734634,0.9000374049085945,1.1094272507094791,0.9004876628311955,23.25,5.182100603680584,-0.05401081032816535,0.21635210660168253,-0.3045448350678215,148107
4023626580.5893774,32916458498.91056,0.14514635609583776,1.0125648313023095,0.8958479793790342,31.857142857142858,12.29899614287479,-0.21828031638136736,-0.30054139171731786,-1.3054055988019624,148108
12128577848.286476,49467744082.18431,0.4962774864025482,0.9784407353189413,0.8459128674270275,26.2,9.389355675444401,-1.4067685683910582,0.19553311513449384,-0.09017759041173212,149005
11707720811.308182,40535220707.648445,1.7833089910446318,0.8630444824724917,0.9994797092861555,21.846153846153847,4.434933940122946,0.5911800326851449,-0.2588633683808721,-1.0541265271711937,149007
11543995661.426983,51128879965.934715,0.7817269354780013,0.6923915227699106,0.8343155246742674,20.5,4.368447474027052,1.037569674896389,0.38284121264425525,-0.02378313220643813,149009
44065448534.268005,47557163489.00438,3.023499524083629,0.3993758480076336,0.10113918012637299,17.5,1.118033988749895,0.4435645629763414,2.554736390141183,5.820526607253793,149018
6197985768.749631,45507255290.792,2.0983791116286117,0.5456809619405268,1.1116769560467734,21.545454545454547,0.6555547773570889,1.3084490668001933,-1.9264681604200344,3.4700861000170553,149021
11202143179.089973,34361963067.25405,1.2005361803278956,0.9688060656068688,0.8444682889868526,21.53846153846154,3.0284645669276196,0.0646654369030415,-0.002484600308270803,-1.18277736775801,149043
22784711127.285877,44402576526.48814,1.4124284222836394,0.5841470946177721,0.5795490715148066,22.75,0.5951190357119042,1.0757233996303341,0.0029702336213853187,-0.6339377892734235,149044
26103847985.466045,37648253393.4039,1.2497304110042078,0.3630506815235255,0.3900088370493756,22.25,0.4330127018922193,0.8328301638424449,0.22163278554385257,-1.09254445384737,149045
29090781064.570797,33420659497.675285,1.3068155599809228,0.15444634624544734,0.15437083385352585,23.25,0.5951190357119042,-0.9281620350181621,0.25801314518096746,-1.2992006915334526,149047
29162003430.437016,33697149570.15606,1.3263681231598983,0.1521999505005798,0.13112894350473195,22.5,0.5,0.7252462518252205,0.28573028527508487,-1.2943127962139656,149050
28270424771.439945,36084311253.48725,1.2571534199130305,0.23469471418131577,0.20558452906798777,22.23076923076923,0.42132504423474315,-0.055348449310514525,0.22731258802750062,-1.255552509817266,149052
10285990971.137247,38162848320.64998,1.3437162694060942,0.857913826382677,0.9729747864708381,22.166666666666668,0.5527707983925666,1.0262822102634743,-1.5943918690603303,1.4049954472984494,149053
5959845475.302755,66878855030.563484,6.0905938079105235,0.8055860038876295,0.858526846505244,21.454545454545453,1.7248787237282068,2.8093879191184925,-1.4340854943498393,4.063400552425799,149055
13482700696.830297,48757880470.74478,1.5847576733155349,0.900906349718015,0.7585890922524317,22.833333333333332,1.0671873729054748,2.03460748948595,-0.24722166164332918,-0.23867259965563514,149056
6291905212.346404,40242175871.35943,2.709805472344142,0.7634247927651622,1.0970955290654663,22.833333333333332,8.716204576661921,0.806151504689339,-0.7856394457802465,-0.4725659194480962,149057
7679930371.49888,38759842661.979805,1.9754976429382607,0.8290537805669477,1.0423786075246482,23.25,6.299801584177076,0.8483540456870386,-1.6922354696655573,1.6998568339921096,149058
19943397870.784916,45760674908.58228,1.4332486576419257,0.7752889614427804,0.6923474702608524,21.307692307692307,0.7216024245882199,-0.7060581516840614,0.005279821715144709,-0.5968487715616053,149059
20599394930.48237,43889030589.08047,1.5307731609772233,0.6294332490098316,0.7502163730938132,21.692307692307693,0.605692913385524,0.0997545311887933,-0.1468323470501782,-0.49461120887211196,149060
11681908380.938602,48097392219.16495,3.381401676575813,0.3098152925145727,0.9761316313792503,21.818181818181817,0.5749595745760689,0.21732935939124332,-1.6296802494259544,2.5009149055354065,149061
26524905579.779755,51323139820.960884,1.6852062212668153,0.2553449099412024,0.1469169234473399,22.333333333333332,0.4714045207910317,1.3019651676510842,0.31958934263846145,-0.7544011119931167,149062
14408803627.895971,44990287525.08532,0.9974727438384168,0.812618330033286,0.825606406823595,21.53846153846154,0.4985185152621431,-1.1242053022991598,-0.005006360492837414,-0.672954600606245,149064
19148659411.053444,42949714729.44851,1.267623591372407,0.6512821784571232,0.6533748623503477,22.153846153846153,0.532938710021193,-1.4063004699874,0.37443467980041273,-0.536792219130362,149065
12811150319.622377,43981306443.04551,1.6228990349113552,0.9268598403577034,0.9053828041190507,21.75,0.5951190357119042,-0.4400001143120278,-0.5316482597423969,-0.29683684511842223,149066
24347795323.89187,42611442759.59154,1.5483440803137527,0.5701604487837788,0.4830093843457989,21.76923076923077,0.42132504423474315,0.8617994265895668,0.24883097204196625,-0.6735307424312578,149067
7022645852.810839,56721412718.05538,2.564956845561885,0.4836737346376954,1.0979626078209903,24.1,6.670082458260917,0.30657078051394393,-2.43395604735459,6.408715622894057,149068
4752284129.642874,39237628075.82467,16.887535791445632,0.27024350814283465,0.9851417624105464,26.6,13.807244475274565,1.2697696189597707,-2.1840100667790407,3.4410811317280077,149071
56723788850.06594,66599841953.923996,4.6702179457418,0.39502123751550533,0.5925826693987419,23.0,0.0,0.8128792486403142,3.8825522913731736,14.893603435544698,149072
4472346753.419297,36923426155.68296,14.633209628380195,0.449561368139448,0.9608528117931185,29.444444444444443,15.464016375739384,0.8190475529436156,-1.9478033349483537,2.3960306910855795,149075
5110530213.931643,37453514374.65881,42.68859523421824,0.5238213784917404,0.7922067042095691,31.75,16.909686573085853,0.8432349903155725,-1.2100017905105378,0.18755177929795686,149076
1874722863.9184425,39404114360.31664,1.657444528832502,0.062151317045241405,0.08261706684153754,22.6,0.4898979485566356,1.551474386636329,-2.778654931532398,6.187609852081687,149079
23135422636.490658,58622996464.415955,1.7119392293755882,0.28970498062559846,0.20567258055396662,23.0,0.5773502691896257,1.9946189026391474,-0.5665971875584404,1.325421839320934,149080
20656212414.464203,42919287251.6992,1.4876406584027395,0.837458719115757,0.6923050566273445,22.333333333333332,0.8498365855987975,0.22024348328376675,0.01826485465518464,-0.6321554444286086,149083
13120564623.526035,38098802519.8062,1.337835941730897,0.964853263115511,0.8913299751972401,22.23076923076923,0.696568087549032,0.5662961932267336,-0.028412250200897802,-1.0057534940167079,149084
13859301906.399982,37024921087.80194,1.3499228607885516,0.7958869376580385,0.9522745540325337,22.25,0.82915619758885,0.022996272235417337,-0.22882080578661013,-1.0345999609536576,149087
9430962215.930151,35012458913.666336,1.092194560508159,1.0634712386571956,0.9425685298439501,24.545454545454547,6.583224360084245,0.2177719985134985,-0.9730737178577383,-0.3453187998459506,149088
4358237965.495181,36888959229.02953,1.7125328290188084,0.7050672721514752,1.1473702103184322,28.3,13.17611475359865,0.5460014904668924,-1.5317056001145846,0.888233036912474,149093
9047697607.499693,37079923571.9925,2.000972668964117,0.8092385268787107,1.0302841048129137,21.23076923076923,0.8904489925223251,0.3739436874782598,-0.0973356088921264,-1.2034002593801032,149094
26936377808.18086,39304877918.81712,1.3613557735419062,0.34785386724714595,0.29319172810838845,23.0,0.7071067811865476,-0.853498241957805,0.32528319519152515,-1.0603027125913347,149097
25688204840.33086,44368863560.05612,1.3914742988725552,0.3118030808896192,0.5676381071116826,23.272727272727273,0.8624393618641034,0.20696510221051767,-0.05806453975837987,-0.6822251027388724,149098
10585789939.129202,40773147482.76763,2.5636644002701705,0.3826060809434261,0.9483681622928858,25.5,7.632168761236874,-0.5745453023219653,-1.7393628012764326,2.2779659164762984,149099
18679246366.616646,38581368375.55782,1.6890972694763822,0.6500021441576624,0.7332426321935733,23.363636363636363,0.642824346533225,-0.7115705087467319,0.005561756103236443,-0.8772115450888518,149100
19168333454.905437,45224034307.138374,1.4986157548578574,0.6782561846774158,0.74334594095155,23.166666666666668,0.3726779962499649,0.0044124059623271705,-0.0499941691762704,-0.3835259576025565,149101
11709067277.865757,39608523273.04441,1.2412460487124195,0.90489614913805,0.9822061227579234,22.916666666666668,0.6400954789890507,-0.08705651392239133,-0.08982929072667342,-1.010001116027445,149102
20369550244.46013,43145593304.93832,1.3628959096865416,0.8875782756887128,0.5542720482981193,22.833333333333332,0.6871842709362768,0.13864476996496933,0.006954169963792086,-0.675063835966903,149103
21330611692.024826,40699671414.23427,1.4320713285252382,0.631636851974289,0.6599627443400053,23.0,1.224744871391589,-0.6057602750671336,0.2105964784563795,-0.7306873794881428,149104
19889609054.190132,40544281779.24417,1.3999622833734646,0.68997237168568,0.734343852648339,23.083333333333332,0.2763853991962833,0.29828230146375745,0.07381428144689087,-0.8018429239442351,149105
18146270758.56514,49418754723.34159,1.2850174051015404,0.8799420060922611,0.8687466700735199,22.666666666666668,0.4714045207910317,0.900366693366351,-0.6171416549263623,0.326521855819498,149106
23780996343.2288,42501834722.737885,1.4519797525999376,0.5723701561676039,0.5564622503257781,22.5,0.6454972243679028,0.6171719536000637,0.09307465892338522,-0.6167085194535291,149107
22366474856.428467,39378252145.88987,1.3517187681283518,0.6952014903908433,0.5556781683232344,23.416666666666668,0.8620067027323834,1.070696562275625,0.25633882362165217,-0.7230644626708909,149108
